"REGION","LOC","STA","STA2","STATION","GEOSTRT","ACTSTRT","D92","D93","D94","D95","D96","D97","D98","D99","D00","D01","D02","D03","D04","D05","D06","D07","D08","D09","D10","D11","D12","D13","D14","D15","D16","D17","D18"
"2","CSWA",12205,"12205U","CSWA","03","03","N","B","B","N","N","N","N","N","N","N","N","N","N","N","N","N","N","N","N","N","N","N","N","N","N","N","N"
"3","ROGE",13301,"13301U","ROGE","04","04","B","B","B","B","B","B","B","B","B","B","B","B","B","B","N","N","N","N","N","N","N","N","N","N","N","N","N"
"3","CWBS",13302,"13302S","CWBS","04","03","B","B","B","S","B","S","B","S","B","N","N","N","N","N","N","N","N","N","N","N","N","N","N","N","N","N","N"
"3","BBO-",13303,"13303S","BLAB","05","05","B","B","B","B","S","S","S","S","B","X","S","S","S","S","S","S","S","S","S","S","S","S","S","S","B","B","B"
"3","SAC-",13304,"13304U","SAC-","04","03","B","S","N","S","B","N","N","N","N","N","N","N","N","N","N","N","N","N","N","N","N","N","N","N","N","N","N"
"3","CARP",13305,"13305U","CARP","04","04","B","B","B","B","B","B","B","N","N","N","N","N","N","N","N","N","N","N","N","N","N","N","N","N","N","N","N"
"3","TDNC",13306,"13306U","TDNC","04","03","B","B","B","B","B","B","S","N","N","N","N","N","N","N","N","N","N","N","N","N","N","N","N","N","N","N","N"
"3","FONT",13307,"13307U","FONT","04","04","B","X","B","B","B","B","B","N","N","N","N","N","N","N","N","N","N","N","N","N","N","N","N","N","N","N","N"
"3","PITS",13308,"13308S","PIFI","04","04","B","B","B","B","B","B","B","B","B","B","B","B","B","B","B","B","B","B","B","B","B","B","B","B","B","B","B"
"3","WATE",13309,"13309U","M1--","04","03","B","B","B","B","B","B","B","B","B","B","B","B","B","I","I","B","B","B","B","B","B","B","B","B","B","B","B"
"3","WHIT",13310,"13310U","WHRI","04","04","S","N","N","N","N","N","N","N","N","N","N","N","N","N","N","N","N","N","N","N","N","N","N","N","N","N","N"
"3","CWBS",13311,"13302S","SPAM","04","03","B","N","N","N","N","N","N","N","N","N","N","N","N","N","N","N","N","N","N","N","N","N","N","N","N","N","N"
"3","QUAP",13312,"13312U","QUAP","05","04","B","B","B","B","B","B","N","N","N","N","N","N","N","N","N","N","N","N","N","N","N","N","N","N","N","N","N"
"3","HIAW",13313,"13313U","PIAT","04","05","B","X","N","N","N","N","N","N","N","N","N","N","N","N","N","N","N","N","N","N","N","N","N","N","N","N","N"
"3","HIAW",13314,"13314U","SUPE","04","05","S","B","N","N","N","N","N","N","N","N","N","N","N","N","N","N","N","N","N","N","N","N","N","N","N","N","N"
"3","HIAW",13315,"13315U","PDLS","04","05","B","X","N","N","N","N","N","N","N","N","N","N","N","N","N","N","N","N","N","N","N","N","N","N","N","N","N"
"3","HIAW",13316,"13316U","BIGD","04","04","B","S","N","N","N","N","N","N","N","N","N","N","N","N","N","N","N","N","N","N","N","N","N","N","N","N","N"
"3","GRFA",13317,"13317U","ULM-","04","04","B","B","B","B","B","B","B","B","B","B","B","B","B","B","B","B","B","B","B","N","N","N","N","N","N","N","N"
"3","INBS",13318,"13318U","INBS","05","04","B","B","N","B","B","B","B","B","B","B","B","B","B","X","B","B","B","B","B","B","B","X","B","B","B","B","B"
"3","STBR",13319,"13319U","STBR","03","03","B","B","B","B","B","B","N","N","N","N","N","N","B","B","B","B","B","B","B","B","N","N","N","N","N","N","N"
"3","BSBO",13320,"13320U","NAVA","04","04","B","B","B","B","B","B","X","B","B","B","B","B","B","B","B","B","B","B","B","B","B","B","B","X","N","N","N"
"3","SENE",13321,"13321U","SENE","04","04","B","B","B","B","B","B","B","B","N","N","N","N","N","N","N","N","N","N","N","N","N","N","N","N","N","N","N"
"3","HARS",13322,"13322U","HARS","04","04","N","B","B","B","S","B","N","N","N","N","N","N","N","N","N","N","N","N","N","N","N","N","N","N","N","N","N"
"3","MNVA",13323,"13323U","MNVA","04","04","N","B","B","N","N","N","N","N","N","N","N","N","N","N","N","N","N","N","N","N","N","N","N","N","N","N","N"
"3","KJOS",13324,"13324U","KJOS","04","04","N","B","B","B","B","B","B","B","B","B","B","B","N","N","N","N","N","N","N","N","N","N","N","N","N","N","N"
"3","WOLF",13325,"13325U","WOLF","04","04","N","X","B","B","B","B","B","B","B","B","B","B","B","B","B","B","B","B","B","B","B","B","B","B","B","B","B"
"3","LEAV",13326,"13326U","FOSU","03","03","N","B","B","B","B","B","B","B","B","B","B","N","N","N","N","N","N","N","N","N","N","N","N","N","N","N","N"
"3","LEAV",13327,"13327U","NOWE","03","03","N","S","B","B","B","B","B","B","B","B","B","N","N","N","N","N","N","N","N","N","N","N","N","N","N","N","N"
"3","LEAV",13328,"13328U","CAMI","03","03","N","B","B","B","B","B","B","B","B","B","B","N","N","N","N","N","N","N","N","N","N","N","N","N","N","N","N"
"3","LEAV",13329,"13329U","SOWE","03","04","N","S","B","C","B","B","B","B","B","B","B","N","N","N","N","N","N","N","N","N","N","N","N","N","N","N","N"
"3","WABY",13330,"13330U","WABY","04","03","N","N","B","B","B","N","N","N","N","N","N","N","N","N","N","N","N","N","N","N","N","N","N","N","N","N","N"
"3","PILK",13331,"13331U","PILK","04","04","N","N","B","B","N","N","N","N","N","N","N","N","N","N","N","N","N","N","N","N","N","N","N","N","N","N","N"
"3","PITS",13332,"13308S","KING","04","04","N","N","B","B","B","B","B","N","N","N","N","N","N","N","N","N","N","N","N","N","N","N","N","N","N","N","N"
"3","BBO-",13333,"13303S","WEIR","05","05","N","N","B","B","S","S","C","S","B","S","S","S","S","S","S","S","S","S","S","B","S","S","S","S","N","N","N"
"3","BSBO",13334,"13334U","BLHE","04","04","N","N","B","B","B","B","B","B","B","B","B","B","B","B","B","B","N","N","N","N","N","N","N","N","N","N","N"
"3","BELW",13335,"13335U","MRSH","04","04","N","N","N","B","B","B","B","B","B","B","X","N","N","N","N","N","N","N","N","N","N","N","N","N","N","N","N"
"3","FSNO",13336,"13336S","BRUS","04","04","N","N","N","B","B","B","B","N","N","N","N","N","N","N","N","N","N","N","N","N","N","N","N","N","N","N","N"
"3","FSNO",13337,"13336S","RELE","04","04","N","N","N","B","B","B","B","N","N","N","N","N","N","N","N","N","N","N","N","N","N","N","N","N","N","N","N"
"3","FSNO",13338,"13336S","CONT","04","04","N","N","N","B","B","B","B","N","N","N","N","N","N","N","N","N","N","N","N","N","N","N","N","N","N","N","N"
"3","FSNO",13339,"13336S","FAL4","04","04","N","N","N","B","B","B","B","N","N","N","N","N","N","N","N","N","N","N","N","N","N","N","N","N","N","N","N"
"3","FSNO",13340,"13336S","VISI","04","04","N","N","N","B","B","B","B","N","N","N","N","N","N","N","N","N","N","N","N","N","N","N","N","N","N","N","N"
"3","MNRA",13341,"13341U","MNRA","04","04","N","N","N","B","B","B","N","N","N","N","N","N","N","N","N","N","N","N","N","N","N","N","N","N","N","N","N"
"3","EARC",13342,"13342U","EARC","04","04","N","N","N","N","B","N","N","N","N","N","N","N","N","N","N","N","N","N","N","N","N","N","N","N","N","N","N"
"3","BUBO",13343,"13343U","BUBO","04","04","N","N","N","N","B","B","B","N","N","N","N","N","N","N","N","N","N","N","N","N","N","N","N","N","N","N","N"
"3","PETO",13344,"13344U","PETO","04","04","N","N","N","N","B","N","N","N","N","N","N","N","N","N","N","N","N","N","N","N","N","N","N","N","N","N","N"
"3","TGPP",13345,"13345U","TGPP","05","05","N","N","N","N","B","S","B","B","B","N","X","X","B","N","N","X","B","B","X","B","B","X","X","B","X","X","X"
"3","FSNO",13346,"13336S","WD--","04","04","N","N","N","N","B","B","S","N","N","N","N","N","N","N","N","N","N","N","N","N","N","N","N","N","N","N","N"
"3","BBO-",13347,"13303S","BPRK","05","05","N","N","N","N","S","S","S","S","B","S","S","S","S","S","S","S","S","S","S","B","B","S","S","S","N","N","N"
"3","RORI",13348,"13348U","RORI","04","04","N","N","N","N","B","N","N","N","N","N","N","N","N","N","N","N","N","N","N","N","N","N","N","N","N","N","N"
"3","CWBO",13349,"13349U","NECD","03","03","N","N","N","N","N","B","N","B","B","B","N","N","N","N","N","N","N","N","N","N","N","N","N","N","N","N","N"
"3","PEWK",13350,"13350U","PEWK","04","04","N","N","N","N","N","B","B","B","B","B","N","N","N","N","N","N","N","N","N","N","N","N","N","N","N","N","N"
"3","VBLK",13351,"13351U","VBLK","04","04","N","N","N","N","N","B","B","B","S","N","N","N","N","N","N","N","N","N","N","N","N","N","N","N","N","N","N"
"3","FLBC",13352,"13352S","FLC1","04","04","N","N","N","N","N","B","B","S","N","B","B","N","N","N","N","N","N","N","N","N","N","N","N","N","N","N","N"
"3","FLBC",13353,"13352S","FLC2","04","05","N","N","N","N","N","B","B","N","N","N","N","N","N","N","N","N","N","N","N","N","N","N","N","N","N","N","N"
"3","SUNF",13354,"13354U","WECR","04","04","N","N","N","N","N","N","N","N","N","N","N","N","N","N","N","B","B","B","B","B","B","B","B","B","B","B","B"
"3","SBBO",13355,"13355U","SBBO","04","04","N","N","N","N","N","B","B","B","B","B","B","N","N","N","N","N","N","N","N","N","N","N","N","N","N","N","N"
"3","BSBO",13356,"13356U","CHRI","04","04","N","N","N","N","N","B","B","B","B","B","N","N","N","N","N","N","N","N","N","N","N","N","N","N","N","N","N"
"3","BSBO",13357,"13357U","OAKS","04","04","N","N","N","N","B","B","B","B","B","B","B","B","B","B","B","B","B","B","B","B","B","B","B","B","B","B","B"
"3","ACNW",13358,"13358U","ACNW","04","04","N","N","N","N","N","N","C","S","B","B","B","B","N","N","N","N","N","N","N","N","N","N","N","N","N","N","N"
"3","CWBO",13359,"13359U","MGBS","03","03","N","N","N","N","N","N","N","B","B","N","N","N","N","N","N","N","N","N","N","N","N","N","N","N","N","N","N"
"3","ACBO",13360,"13360U","ACBO","04","04","N","N","N","N","N","N","N","B","B","B","B","B","B","B","N","N","N","N","N","N","N","N","N","N","N","N","N"
"3","NOOA",13361,"13361U","NOOA","04","04","N","N","N","N","N","N","N","B","B","B","B","B","B","B","B","B","B","B","B","N","N","N","N","N","N","N","N"
"3","SHCH",13362,"13362U","SHIA","04","05","N","N","N","N","N","N","N","B","B","S","B","B","B","B","B","S","B","N","N","N","N","N","N","N","N","N","N"
"3","LAWR",13363,"13363U","LAWR","03","05","N","N","N","N","N","N","N","X","B","N","N","N","N","N","N","N","N","N","N","N","N","N","N","N","N","N","N"
"3","RENC",13364,"13364U","RENC","04","04","N","N","N","N","N","N","N","B","B","B","B","B","B","B","C","B","X","B","B","B","B","B","N","N","B","B","B"
"3","MIWO",13365,"13365U","MIWO","04","04","N","N","N","N","N","N","N","B","B","B","B","B","B","B","B","B","B","B","N","N","N","N","N","N","N","N","N"
"3","BRMS",13366,"13366U","BRMS","04","04","N","N","N","N","N","N","N","N","B","B","B","B","B","X","B","I",".","N","N","N","N","N","N","N","N","N","N"
"3","KIWA",13367,"13367U","KIWA","04","05","N","N","N","N","N","N","N","N","B","B","B","N","N","N","N","N","N","N","N","N","N","N","N","N","N","N","N"
"3","HNAP",13368,"13368U","HNAP","04","04","N","N","N","N","N","N","N","N","N","B","N","N","N","N","N","N","N","N","N","N","N","N","N","N","N","N","N"
"3","BOCH",13369,"13369U","BOCH","04","04","N","N","N","N","N","N","N","N","N","B","B","B","B","B","B","B","B","B","N","N","N","N","N","N","N","N","N"
"3","MELC",13370,"13370S","MLFS","03","03","N","N","N","N","N","N","N","N","N","N","B","B","B","B","B","B","B","B","B","B","B","B","B","B","B","B","N"
"3","MELC",13371,"13370S","MLWM","03","03","N","N","N","N","N","N","N","N","N","N","B","B","B","B","B","B","B","B","B","B","B","B","B","B","B","B","B"
"3","EACR",13372,"13372U","SEEC","05","05","N","N","N","N","N","N","N","N","N","X","B","B","B","B","N","N","N","N","N","N","N","N","N","N","N","N","N"
"3","BCRE",13373,"13373U","FRSA","04","04","N","N","N","N","N","N","N","N","N","N","N","B","B","B","B","B","B","B","B","B","B","B","B","B","B","B","B"
"3","WFBS",13374,"13374U","WFBS","04","04","N","N","N","N","N","N","N","N","N","N","N","N","B","N","N","N","N","N","N","N","N","N","N","N","N","N","N"
"3","WCTG",13375,"13375S","MOFE","03","03","N","N","N","N","N","N","N","N","N","N","B","B","B","B","B","B","N","N","N","N","N","N","N","N","N","B","B"
"3","WCTG",13376,"13375S","MOFF","03","04","N","N","N","N","N","N","N","N","N","N","B","N","B","B","B","B","N","N","N","N","N","N","N","N","N","N","N"
"3","WCTG",13377,"13375S","MOFN","03","04","N","N","N","N","N","N","N","N","N","N","B","N","N","N","N","N","N","N","N","N","N","N","N","N","N","N","N"
"3","WCTG",13378,"13375S","MOFS","03","04","N","N","N","N","N","N","N","N","N","N","B","N","N","N","N","N","N","N","N","N","N","N","N","N","N","N","N"
"3","WCTG",13379,"13375S","MOFT","03","03","N","N","N","N","N","N","N","N","N","N","B","B","B","B","B","B","N","N","N","N","N","N","N","N","N","N","N"
"3","WCTG",13380,"13375S","MOFV","03","03","N","N","N","N","N","N","N","N","N","N","B","N","N","B","B","N","N","N","N","N","N","N","N","N","N","N","N"
"3","WCTG",13381,"13375S","WRBS","03","04","N","N","N","N","N","N","N","N","N","N","B","B","B","N","B","N","N","N","N","N","N","N","N","N","N","X","N"
"3","WCTG",13382,"13375S","WRPM","03","03","N","N","N","N","N","N","N","N","N","N","S","B","B","B","B","B","N","N","N","N","N","N","N","N","N","B","B"
"3","WCTG",13383,"13375S","FONE","03","03","N","N","N","N","N","N","N","N","N","N","N","B","B","B","B","B","N","N","N","N","N","N","N","N","N","X","N"
"3","WCTG",13384,"13375S","NOME","03","03","N","N","N","N","N","N","N","N","N","N","N","B","B","B","B","B","N","N","N","N","N","N","N","N","N","B","B"
"3","WCTG",13385,"13375S","CRME","03","04","N","N","N","N","N","N","N","N","N","N","N","B","B","N","N","N","N","N","N","N","N","N","N","N","N","B","B"
"3","WCTG",13386,"13375S","MOFL","03","04","N","N","N","N","N","N","N","N","N","N","N","B","N","N","N","N","N","N","N","N","N","N","N","N","N","N","N"
"3","WCTG",13387,"13375S","OFPA","03","04","N","N","N","N","N","N","N","N","N","N","N","B","B","N","N","B","N","N","N","N","N","N","N","N","N","N","N"
"3","WCTG",13388,"13375S","MOFR","03","03","N","N","N","N","N","N","N","N","N","N","N","B","N","B","B","B","N","N","N","N","N","N","N","N","N","X","N"
"3","LUMS",13389,"13389U","CRAV","05","05","N","N","N","N","N","N","N","N","N","N","N","N","N","B","B","B","B","B","B","B","B","B","N","B","B","B","B"
"3","GOIS",13390,"13390U","GOI1","04","04","N","N","N","N","N","N","N","N","N","N","N","B","B","B","B","B","N","N","N","N","N","N","N","N","N","N","N"
"3","GOSU",13391,"13391S","GOSU","04","04","N","N","N","N","N","N","N","N","N","N","N","B","N","N","N","N","N","N","N","N","N","N","N","N","N","N","N"
"3","BUUN",13392,"13392U","RRCP","04","04","N","N","N","N","N","N","N","N","N","N","N","N","N","N","B","B","B","B","B","B","B","B","B","B","B","B","B"
"3","WCTG",13393,"13375S","FETW","03","03","N","N","N","N","N","N","N","N","N","N","N","N","N","B","B","B","N","N","N","N","N","N","N","N","N","N","N"
"3","WCTG",13394,"13394U","MOPT","03","03","N","N","N","N","N","N","N","N","N","N","N","N","N","B","B","B","N","N","N","N","N","N","N","N","N","N","N"
"3","WCTG",13395,"13375S","WRMP","03","03","N","N","N","N","N","N","N","N","N","N","N","N","N","B","N","N","N","N","N","N","N","N","N","N","N","N","N"
"3","EAGB",13396,"13396U","EAGB","03","03","N","N","N","N","N","N","N","N","N","N","N","N","N","N","B","B","N","N","N","N","N","N","N","N","N","N","N"
"3","UMBS",13397,"13397U","BVTL","04","06","N","N","N","N","N","N","N","N","N","N","N","N","N","N","B","B","N","N","N","N","N","N","N","N","N","N","N"
"3","UMBS",13398,"13398S","CEMA","04","06","N","N","N","N","N","N","N","N","N","N","N","N","N","N","B","B","N","N","N","N","N","N","N","N","N","N","N"
"3","UMBS",13399,"13399U","GATE","04","06","N","N","N","N","N","N","N","N","N","N","N","N","N","N","B","B","N","N","N","N","N","N","N","N","N","N","N"
"3","UMBS",13400,"13398S","NMAP","04","05","N","N","N","N","N","N","N","N","N","N","N","N","N","N","B","B","N","N","N","N","N","N","N","N","N","N","N"
"3","UMBS",13401,"13401U","SOMA","04","06","N","N","N","N","N","N","N","N","N","N","N","N","N","N","B","B","N","N","N","N","N","N","N","N","N","N","N"
"3","UMBS",13402,"13402U","BURN","04","06","N","N","N","N","N","N","N","N","N","N","N","N","N","N","B","N","N","N","N","N","N","N","N","N","N","N","N"
"3","BCCA",13403,"13403U","BCCA","05","05","N","N","N","N","N","N","N","N","N","N","N","N","N","N","N","B","B","B","B","B","B","N","B","B","N","N","N"
"3","LIBS",13404,"13404U","LIBS","03","03","N","N","N","N","N","N","N","N","N","N","N","N","N","N","N","B","N","B","B","B","B","B","B","N","N","N","N"
"3","KEYS",13405,"13405U","KEYS","04","04","N","N","N","N","N","N","N","N","N","N","N","N","N","N","N","N","B","B","B","B","B","B","B","B","B","B","B"
"3","FCTC",13406,"13406U","LACE","04","04","N","N","N","N","N","N","N","N","N","N","N","N","N","N","N","N","N","B","B","B","B","S","B","B","B","B","B"
"3","FCTC",13407,"13407U","MOTT","04","04","N","N","N","N","N","N","N","N","N","N","N","N","N","N","N","N","N","B","B","B","B","B","B","B","B","B","B"
"3","FCTC",13408,"13408U","SABO","04","04","N","N","N","N","N","N","N","N","N","N","N","N","N","N","N","N","N","B","B","B","B","B","S","B","B","S","B"
"3","NIPO",13409,"13409U","NIPO","05","05","N","N","N","N","N","N","N","N","N","N","N","N","N","N","N","N","N","B","B","B","B","B","B","B","B","B","B"
"3","INDY",13410,"13410U","ECPA","03","04","N","N","N","N","N","N","N","N","N","N","N","N","N","N","N","N","N","N","B","B","N","N","N","N","N","N","N"
"3","INDY",13411,"13411U","ECPB","03","03","N","N","N","N","N","N","N","N","N","N","N","N","N","N","N","N","N","N","B","B","N","N","N","N","N","N","N"
"3","SCSU",13412,"13412U","BNCN","04","99","N","N","N","N","N","N","N","N","N","N","N","N","N","N","N","N","N","N","B","N","N","N","N","N","N","N","N"
"3","PURD",13413,"13413U","PURD","04","04","N","N","N","N","N","N","N","N","N","N","N","N","N","N","N","N","N","N","B","B","B","N","N","N","N","N","N"
"3","NWNC",13414,"13414U","NWNC","04","04","N","N","N","N","N","N","N","N","N","N","N","N","N","N","N","N","N","N","N","B","B","B","B","B","B","N","N"
"3","MCEX",13415,"13415U","MCEX","04","99","N","N","N","N","N","N","N","N","N","N","N","N","N","N","N","N","N","N","N","X","N","N","N","N","N","N","N"
"3","RBSP",13416,"13416U","RBSP","03","99","N","N","N","N","N","N","N","N","N","N","N","N","N","N","N","N","N","N","B","N","N","N","N","N","N","N","N"
"3","WASC",13417,"13417U","WASC","05","05","N","N","N","N","N","N","N","N","N","N","N","N","N","N","N","N","N","N","B","B","B","B","B","B","B","N","N"
"3","UROC",13421,"13421U","UROC","04","04","N","N","N","N","N","N","N","N","N","N","N","N","N","N","N","N","N","N","N","N","B","B","B","B","B","B","B"
"3","VANE",13422,"13422U","VANE","04","04","N","N","N","N","N","N","N","N","N","N","N","N","N","N","N","N","N","N","N","N","N","B","B","B","B","B","B"
"3","SPFD",13423,"13423U","SPFD","03","03","N","N","N","N","N","N","N","N","N","N","N","N","N","N","N","N","N","N","N","N","N","N","N","B","B","B","B"
"3","HRBO",13424,"13424U","HRBO","04","04","N","N","N","N","N","N","N","N","N","N","N","N","N","N","N","N","N","N","N","N","N","N","N","B","B","B","B"
"3","GSFS",13425,"13391S","GSFS","04","04","N","N","N","N","N","N","N","N","N","N","N","N","N","N","N","N","N","N","N","N","N","N","N","B","B","B","B"
"3","WASC",13426,"13426U","NSWO","05","05","N","N","N","N","N","N","N","N","N","N","N","N","N","N","N","N","N","N","N","N","N","X","B","B","B","B","B"
"3","BBO-",13427,"13303S","LILA","05","05","N","N","N","N","N","N","N","N","N","N","N","N","N","N","N","N","N","N","N","N","N","N","N","N","B","B","B"
"3","WCTG",13428,"13375S","MOFX","03","04","N","N","N","N","N","N","N","N","N","N","N","N","B","B","B","B","N","N","N","N","N","N","N","N","N","X","N"
"3","BBO-",13429,"13303S","SOPO","05","05","N","N","N","N","N","N","N","N","N","N","N","N","N","N","N","N","N","N","N","N","N","N","N","N","B","B","B"
"3","WASC",13430,"13430U","EDWE","05","05","N","N","N","N","N","N","N","N","N","N","N","N","N","N","N","N","N","N","N","N","N","N","N","N","X","N","N"
"3","BSBO",13431,"13431U","BSBO","04",,"N","N","N","N","N","N","N","N","N","N","N","N","N","N","N","N","N","N","N","N","N","N","N","N","N","X","B"
"4","DWA-",14401,"14401S","DWA1","02","01","B","B","B","B","B","B","B","B","B","N","N","N","N","N","N","N","N","N","N","N","N","N","N","N","N","N","N"
"4","RSCO",14403,"14403U","RSCO","03","03","B","B","B","B","B","N","N","N","N","N","N","N","N","N","N","N","N","N","N","N","N","N","N","N","N","N","N"
"4","DWA3",14404,"14404U","DWA3","02","02","B","B","B","B","S","N","N","N","N","N","N","N","N","N","N","N","N","N","N","N","N","N","N","N","N","N","N"
"4","SARC",14405,"14405U","NC01","03","03","B","B","B","B","B","N","N","N","N","N","N","N","N","N","N","N","N","N","N","N","N","N","N","N","N","N","N"
"4","SARC",14406,"14406U","NC02","03","03","B","B","B","B","B","N","N","N","N","N","N","N","N","N","N","N","N","N","N","N","N","N","N","N","N","N","N"
"4","SARC",14407,"14407U","NC03","03","03","B","B","B","B","B","N","N","N","N","N","N","N","N","N","N","N","N","N","N","N","N","N","N","N","N","N","N"
"4","SARC",14408,"14408S","NC04","03","03","B","B","B","B","B","N","N","N","N","N","N","N","N","N","N","N","N","N","N","N","N","N","N","N","N","N","N"
"4","SARC",14409,"14408S","NC05","03","03","B","B","B","B","B","N","N","N","N","N","N","N","N","N","N","N","N","N","N","N","N","N","N","N","N","N","N"
"4","SARC",14410,"14410U","JD06","03","06","T","N","N","N","N","N","N","N","N","N","N","N","N","N","N","N","N","N","N","N","N","N","N","N","N","N","N"
"4","SARC",14411,"14411S","RBEA","03","03","B","B","B","B","B","N","N","N","N","N","N","N","N","N","N","N","N","N","N","N","N","N","N","N","N","N","N"
"4","SARC",14412,"14411S","RBWE","03","03","B","B","B","B","B","N","N","N","N","N","N","N","N","N","N","N","N","N","N","N","N","N","N","N","N","N","N"
"4","SARC",14413,"14413U","ADNO","03","03","B","B","B","B","B","N","N","N","N","N","N","N","N","N","N","N","N","N","N","N","N","N","N","N","N","N","N"
"4","SARC",14414,"14414U","ADMI","03","04","T","B","B","B","B","N","N","N","N","N","N","N","N","N","N","N","N","N","N","N","N","N","N","N","N","N","N"
"4","SARC",14415,"14415U","ADSO","03","03","B","B","B","B","B","N","N","N","N","N","N","N","N","N","N","N","N","N","N","N","N","N","N","N","N","N","N"
"4","SARC",14416,"14416U","HUGH","03","03","B","B","B","B","B","N","N","N","N","N","N","N","N","N","N","N","N","N","N","N","N","N","N","N","N","N","N"
"4","DWA-",14417,"14401S","DWA2","02","02","B","B","B","B","B","B","B","B","B","N","N","N","N","N","N","N","N","N","N","N","N","N","N","N","N","N","N"
"4","NSU-",14418,"14418U","NSU-","03","02","B","N","N","N","N","N","N","N","N","N","N","N","N","N","N","N","N","N","N","N","N","N","N","N","N","N","N"
"4","TENS",14419,"14419S","UT1-","02","02","N","B","B","B","B","B","B","B","B","B","N","N","N","N","N","N","N","N","N","N","N","N","N","N","N","N","N"
"4","TENS",14420,"14419S","TRT1","02","02","N","B","B","B","B","B","B","B","B","B","B","B","B","B","B","N","N","N","N","N","N","N","N","N","N","N","N"
"4","FTGI",14421,"14421U","FTGI","03","03","N","B","B","B","B","B","B","B","B","B","B","B","B","N","B","B","B","N","N","N","N","N","N","N","N","N","N"
"4","LEON",14422,"14422U","BIPI","03","03","N","B","B","B","B","B","B","B","B","B","B","B","B","B","B","B","B","B","B","N","N","N","N","N","N","N","N"
"4","LEON",14423,"14423U","LABO","03","03","N","B","B","B","B","B","B","B","B","B","B","B","B","B","B","B","B","B","B","N","N","N","N","N","N","N","N"
"4","LEON",14424,"14424S","MIPO","03","03","N","B","B","B","B","B","B","B","B","B","B","B","B","B","B","B","B","B","B","N","N","N","N","N","N","N","N"
"4","LEON",14425,"14425U","MACE","03","03","N","B","B","B","B","B","B","B","B","B","B","B","B","B","B","B","B","B","B","N","N","N","N","N","N","N","N"
"4","LEON",14426,"14426U","SMRI","03","03","N","B","B","B","B","B","B","B","B","B","B","N","N","N","N","N","N","N","N","N","N","N","N","N","N","N","N"
"4","LEON",14427,"14427U","MIRI","03","03","N","B","B","B","B","B","B","B","B","B","B","N","N","N","N","N","N","N","N","N","N","N","N","N","N","N","N"
"4","RILE",14428,"14428U","TICR","03","04","N","B","B","B","B","B","B","B","B","B","B","N","N","N","N","N","N","N","N","N","N","N","N","N","N","N","N"
"4","RILE",14429,"14429U","KARI","03","04","N","B","B","B","B","B","B","B","B","B","B","N","N","N","N","N","N","N","N","N","N","N","N","N","N","N","N"
"4","HOOD",14430,"14430U","SHOR","02","02","N","N","B","B","B","B","B","B","B","B","B","N","B","B","B","B","B","N","N","N","N","N","N","N","N","N","N"
"4","HOOD",14431,"14431U","TAYL","02","02","N","N","B","B","B","B","B","B","B","B","B","N","B","B","B","X","B","N","N","N","N","N","N","N","N","N","N"
"4","HOOD",14432,"14432U","DEER","02","02","N","N","S","N","N","N","N","N","N","N","N","N","N","N","N","N","N","N","N","N","N","N","N","N","N","N","N"
"4","HOOD",14433,"14433U","ENGI","02","02","N","N","B","B","B","B","B","B","B","B","B","N","B","B","B","B","B","N","N","N","N","N","N","N","N","N","N"
"4","HOOD",14434,"14434U","VIRE","02","02","N","N","B","B","B","B","B","B","B","B","B","N","B","B","B","B","B","N","N","N","N","N","N","N","N","N","N"
"4","HOOD",14435,"14435U","BROO","02","02","N","N","B","B","B","B","B","B","B","B","B","N","B","B","B","B","B","N","N","N","N","N","N","N","N","N","N"
"4","SWIF",14436,"14436S","PIPE","02","02","N","N","B","B","B","B","B","B","B","B","B","B","B","B","B","B","B","B","N","N","N","N","N","N","N","N","N"
"4","SWIF",14437,"14437S","EALW","02","02","N","N","B","B","B","B","B","B","B","B","B","B","B","B","B","B","B","B","N","N","N","N","N","N","N","N","N"
"4","SWIF",14438,"14437S","EALE","02","02","N","N","B","B","B","B","B","B","B","B","B","B","B","B","B","B","B","B","N","N","N","N","N","N","N","N","N"
"4","SWIF",14439,"14436S","WCLO","02","02","N","N","B","B","B","B","B","B","B","B","B","B","B","B","B","B","B","B","N","N","N","N","N","N","N","N","N"
"4","SWIF",14440,"14440U","SAJU","02","02","N","N","B","B","B","B","B","B","B","B","B","B","B","B","B","B","B","B","N","N","N","N","N","N","N","N","N"
"4","SWIF",14441,"14437S","MCCR","02","02","N","N","B","B","B","B","B","B","B","B","B","B","N","N","N","N","N","N","N","N","N","N","N","N","N","N","N"
"4","BOWI",14442,"14442U","STON","02","02","N","N","B","B","B","B","B","B","B","B","B","B","B","B","B","B","B","B","N","N","N","N","N","N","N","N","N"
"4","BOWI",14443,"14443U","NIGH","02","02","N","N","B","B","B","B","B","B","B","B","B","B","B","B","B","B","B","B","N","N","N","N","N","N","N","N","N"
"4","BOWI",14444,"14444U","MOCK","02","02","N","N","B","B","B","B","B","B","B","B","B","B","B","B","B","B","B","B","N","N","N","N","N","N","N","N","N"
"4","BOWI",14445,"14445U","BEDR","02","02","N","N","B","B","B","B","B","B","B","B","B","B","B","B","B","B","B","B","N","N","N","N","N","N","N","N","N"
"4","BOWI",14446,"14446U","MESQ","02","02","N","N","B","B","B","B","B","B","B","B","B","B","B","B","B","B","B","B","N","N","N","N","N","N","N","N","N"
"4","BOWI",14447,"14447U","DEVI","02","02","N","N","B","B","B","B","B","B","B","B","B","B","B","B","B","B","B","B","N","N","N","N","N","N","N","N","N"
"4","LEAV",14448,"14448U","RADE","03","03","N","N","B","B","B","B","B","B","B","B","B","N","N","N","N","N","N","N","N","N","N","N","N","N","N","N","N"
"4","LEAV",14449,"14449U","SPHA","03","03","N","N","B","B","B","B","B","B","B","B","B","N","N","N","N","N","N","N","N","N","N","N","N","N","N","N","N"
"4","RILE",14450,"14450U","MYPR","03","04","N","N","C","B","B","B","B","B","B","B","B","B","B","B","B","N","N","N","N","N","N","N","N","N","N","N","N"
"4","RILE",14451,"14451U","ESDR","03","04","N","N","B","B","B","B","B","B","B","B","B","N","N","N","N","N","N","N","N","N","N","N","N","N","N","N","N"
"4","RILE",14452,"14452U","RIPO","03","04","N","N","B","B","B","B","B","B","B","B","B","B","B","B","B","N","N","N","N","N","N","N","N","N","N","N","N"
"4","RILE",14453,"14453U","RCPR","03","05","N","N","T","N","N","N","N","N","N","N","N","N","N","N","N","N","N","N","N","N","N","N","N","N","N","N","N"
"4","HOOD",14454,"14454U","TABR","02","02","N","N","B","B","B","B","B","B","B","B","B","N","B","B","B","X","B","N","N","N","N","N","N","N","N","N","N"
"4","SARC",14455,"14455U","RIDL","03","03","N","B","B","B","B","N","N","N","N","N","N","N","N","N","N","N","N","N","N","N","N","N","N","N","N","N","N"
"4","FTSL",14456,"14456U","GEHI","03","03","N","N","B","N","N","N","N","N","N","N","N","N","B","B","B","B","B","N","N","N","N","N","N","X","N","N","N"
"4","SNWR",14457,"14457S","SATO","03","03","N","N","B","B","B","B","B","B","B","B","B","B","B","B","B","N","N","N","N","N","N","N","N","N","N","N","N"
"4","HEFO",14458,"14458U","HEFO","03","02","N","N","B","N","N","N","N","N","N","N","N","N","N","N","N","N","N","N","N","N","N","N","N","N","N","N","N"
"4","HEMU",14459,"14459U","HEMU","02","03","N","N","B","N","N","N","B","B","B","B","S","B","B","B","N","B","B","X","N","N","N","N","N","N","N","N","N"
"4","RILE",14462,"14462U","TMCR","03","04","N","N","N","B","B","B","B","B","B","B","B","N","N","N","N","N","N","N","N","N","N","N","N","N","N","N","N"
"4","FTPO",14463,"14463U","POLK","02","02","N","N","N","B","B","B","T","N","N","N","N","N","N","N","N","N","N","N","N","N","N","N","N","N","N","N","N"
"4","FTPO",14464,"14464U","VERN","02","02","N","N","N","B","B","B","S","B","B","N","N","N","N","N","N","N","N","N","N","N","N","N","N","N","N","N","N"
"4","LSWA",14465,"14465U","LSWA","02","03","N","N","N","B","B","B","B","N","N","N","N","N","N","N","N","N","N","N","N","N","N","N","N","N","N","N","N"
"4","EDDL",14468,"14468U","EDDL","03","03","N","N","N","N","B","N","N","N","N","N","N","N","N","N","N","N","N","N","N","N","N","N","N","N","N","N","N"
"4","HAMP",14469,"14469U","HAMP","02","02","N","N","N","N","N","C","N","N","N","N","N","N","N","N","N","N","N","N","N","N","N","N","N","N","N","N","N"
"4","JCTX",14470,"14470U","WBCK","02","03","N","N","N","N","N","B","B","B","B","B","N","N","N","N","N","N","N","N","N","N","N","N","N","N","N","N","N"
"4","MATA",14471,"14471U","MATA","03","03","N","N","N","N","N","N","B","B","B","S","N","N","N","N","N","N","N","N","N","N","N","N","N","N","N","N","N"
"4","EASA",14473,"14473U","EASA","02","02","N","N","N","N","N","N","B","N","N","N","N","N","N","N","N","N","N","N","N","N","N","N","N","N","N","N","N"
"4","NOLA",14474,"14474U","AIBS","01","01","N","N","N","N","N","N","N","N","B","B","B","B","B","B","N","N","N","N","N","N","N","N","N","N","N","N","N"
"4","AGFC",14475,"14475U","BELL","03","03","N","N","N","N","N","N","N","N","B","B","B","B","B","N","N","N","N","N","N","N","N","N","N","N","N","N","N"
"4","PCRA",14479,"14479S","PGRS","03","03","N","N","N","N","N","N","N","N","N","B","B","B","B","X","B","B","B","B","N","N","N","N","N","N","N","N","N"
"4","AGFC",14480,"14480U","SRMS","03","02","N","N","N","N","N","N","N","N","N","B","B","B","B","B","N","N","N","N","N","N","N","N","N","N","N","N","N"
"4","AGFC",14481,"14481U","LOUA","03","03","N","N","N","N","N","N","N","N","N","B","S","B","X","N","N","N","N","N","N","N","N","N","N","N","N","N","N"
"4","FTPO",14482,"14482U","BICR","02","02","N","N","N","N","N","N","N","N","N","B","B","B","B","N","N","N","N","N","N","N","N","N","N","N","N","N","N"
"4","HORN",14491,"14491U","CYFO","04","03","N","N","N","N","N","N","N","N","N","N","C","B","N","N","N","N","N","N","N","N","N","N","N","N","N","N","N"
"4","TENS",14493,"14493U","SHEL","02","02","N","N","B","B","B","B","B","B","B","B","B","B","B","B","B","B","B","N","N","N","N","N","N","N","N","N","N"
"4","LEON",14494,"14424S","BRCE","03","03","N","N","N","N","N","N","N","N","N","N","N","B","B","B","B","B","B","B","N","N","N","N","N","N","N","N","N"
"4","LEON",14495,"14495U","TIBO","03","03","N","N","N","N","N","N","N","N","N","N","N","B","B","B","B","B","B","B","B","N","N","N","N","N","N","N","N"
"4","BITH",14496,"14496U","BITH","01","03","N","N","N","N","N","N","N","N","N","N","N","N","N","B","B","I","N","N","N","N","N","N","N","N","N","N","N"
"4","TENS",14502,"14502S","PAT4","02","02","N","N","N","N","N","N","N","N","N","N","N","B","B","B","B","N","N","N","N","N","N","N","N","N","N","N","N"
"4","TENS",14503,"14502S","THN4","02","02","N","N","N","N","N","N","N","N","N","N","N","B","B","B","B","N","N","N","N","N","N","N","N","N","N","N","N"
"4","TENS",14504,"14502S","UNC4","02","02","N","N","N","N","N","N","N","N","N","N","N","B","B","N","N","N","N","N","N","N","N","N","N","N","N","N","N"
"4","TENS",14505,"14419S","PAT9","02","02","N","N","N","N","N","N","N","N","N","N","N","B","B","B","B","N","N","N","N","N","N","N","N","N","N","N","N"
"4","TENR",14506,"14419S","THN9","02","01","N","N","N","N","N","N","N","N","N","N","N","B","B","B","B","B","B","B","B","B","B","B","B","B","B","B","B"
"4","TENS",14507,"14419S","UNC9","02","02","N","N","N","N","N","N","N","N","N","N","N","B","B","N","N","N","N","N","N","N","N","N","N","N","N","N","N"
"4","AGFC",14508,"14508U","CHOI","02","02","N","N","N","N","N","N","N","N","N","N","N","B","B","B","B","N","N","N","N","N","N","N","N","N","N","N","N"
"4","SWIF",14509,"14437S","DROP","02","02","N","N","N","N","N","N","N","N","N","N","N","N","B","B","B","B","B","B","N","N","N","N","N","N","N","N","N"
"4","LDWF",14510,"14510U","SHW1","02","02","N","N","N","N","N","N","N","N","N","N","N","N","B","B","B","B","B","B","B","B","B","B","B","N","N","N","N"
"4","LDWF",14511,"14511U","SHW2","02","02","N","N","N","N","N","N","N","N","N","N","N","N","B","B","B","B","B","B","B","B","B","B","B","N","N","N","N"
"4","AGFC",14512,"14512U","NFCP","02","03","N","N","N","N","N","N","N","N","N","N","N","N","B","B","B","B","B","N","N","N","N","N","N","N","N","N","N"
"4","TENS",14513,"14513U","THIN","02","02","N","N","B","C","B","B","B","N","N","N","N","N","N","B","B","N","N","N","N","N","N","N","N","N","N","N","N"
"4","TENS",14514,"14419S","SHOP","02","02","N","N","B","B","B","B","B","B","N","N","N","N","N","B","B","B","N","N","N","N","N","N","N","N","N","N","N"
"4","TENS",14515,"14515U","NOCU","02","02","N","N","B","B","B","B","B","N","N","N","N","N","N","N","N","N","N","N","N","N","N","N","N","N","N","N","N"
"4","FTSL",14516,"14516U","WCCR","03","03","N","N","N","N","N","N","N","N","N","N","N","N","B","B","B","B","B","N","N","N","N","N","N","B","N","N","N"
"4","FITL",14517,"14517U","BRAK","02","02","N","N","B","B","B","B","B","N","N","N","N","N","N","N","N","N","N","N","N","N","N","N","N","N","N","N","N"
"4","FITL",14518,"14518U","LEVE","02","02","N","N","B","B","B","B","N","N","N","N","N","N","N","N","N","N","N","N","N","N","N","N","N","N","N","N","N"
"4","LDWF",14520,"14520S","GSL1","02","02","N","N","N","N","N","N","N","N","N","N","N","N","N","B","B","B","B","B","B","X","B","B","B","N","N","N","N"
"4","LDWF",14521,"14520S","GSL2","02","02","N","N","N","N","N","N","N","N","N","N","N","N","N","B","B","B","B","B","B","B","B","B","B","N","N","N","N"
"4","LDWF",14522,"14520S","NAT1","02","02","N","N","N","N","N","N","N","N","N","N","N","N","N","B","B","B","B","B","B","B","B","B","B","N","N","N","N"
"4","LDWF",14523,"14520S","NAT2","02","02","N","N","N","N","N","N","N","N","N","N","N","N","N","B","B","B","B","B","B","B","B","B","B","N","N","N","N"
"4","FTPO",14524,"14524U","LA10","02","02","N","N","N","N","N","N","N","N","N","N","N","N","N","B","B","B","B","B","N","N","N","N","N","N","N","N","N"
"4","LDWF",14525,"14525U","ANWR","02","02","N","N","N","N","N","N","N","N","N","N","N","N","B","B","B","B","B","B","B","N","B","B","B","N","N","N","N"
"4","MWMA",14526,"14526U","WND1","03","03","N","N","N","N","N","N","N","N","N","N","N","N","N","B","B","B","B","B","B","B","B","B","B","B","X","B","B"
"4","LDWF",14527,"14527U","KATR","02","02","N","N","N","N","N","N","N","N","N","N","N","N","N","N","N","B","B","B","B","B","B","B","B","B","B","N","N"
"4","TENS",14528,"14528U","TEWO","02","02","N","N","N","N","N","N","N","N","N","N","N","N","N","B","N","N","N","N","N","N","N","N","N","N","N","N","N"
"4","AGFC",14529,"14529U","TWBA","02","02","N","N","N","N","N","N","N","N","N","N","N","N","N","B","B","N","N","N","N","N","N","N","N","N","N","N","N"
"4","AGFC",14530,"14530U","REGR","02","02","N","N","N","N","N","N","N","N","N","N","N","N","N","N","B","N","N","N","N","N","N","N","N","N","N","N","N"
"4","SNWR",14531,"14457S","REEV","03","03","N","N","N","N","N","N","N","N","N","N","N","N","N","N","N","S","B","B","B","B","B","B","B","B","B","B","B"
"4","LEON",14535,"14535U","PRPR","03","03","N","N","N","N","N","N","N","N","N","N","N","N","N","N","N","N","N","N","B","N","N","N","N","N","N","N","N"
"4","BBLN",14536,"14536S","BBLN","02","02","N","N","N","N","N","N","N","N","N","N","N","N","N","N","N","N","N","N","B","B","B","B","B","N","N","N","N"
"4","PCRA",14537,"14479S","HSRS","03","03","N","N","N","N","N","N","N","N","N","N","N","N","N","N","N","N","N","N","B","B","S","B","B","B","B","B","N"
"4","BSFS",14538,"14538U","LKRD","03","03","N","N","N","N","N","N","N","N","N","N","N","N","N","N","N","N","N","N","B","B","B","B","B","B","B","B","B"
"4","SCR1",14539,"14539U","SCR1","02","02","N","N","N","N","N","N","N","N","N","N","N","N","N","N","N","N","N","N","N","B","B","B","N","N","N","N","N"
"4","HILO",14540,"14540U","GRPR","03","03","N","N","N","N","N","N","N","N","N","N","N","N","N","N","N","N","N","N","N","B","B","B","S","S","N","N","N"
"4","HILO",14541,"14541S","IORI","03","03","N","N","N","N","N","N","N","N","N","N","N","N","N","N","N","N","N","N","N","B","N","N","N","N","N","N","N"
"4","HILO",14542,"14542U","PAPR","03","03","N","N","N","N","N","N","N","N","N","N","N","N","N","N","N","N","N","N","N","B","B","B","S","S","N","N","N"
"4","RRNR",14543,"14543U","YATS","02","02","N","N","N","N","N","N","N","N","N","N","N","N","N","N","N","N","N","N","N","B","B","B","B","B","N","N","N"
"4","RRNR",14544,"14544U","LOWC","02","02","N","N","N","N","N","N","N","N","N","N","N","N","N","N","N","N","N","N","N","N","B","B","B","N","N","N","N"
"4","FTPO",14545,"14545U","WHCH","02","02","N","N","N","N","N","N","N","N","N","N","N","N","N","N","N","N","N","N","N","B","B","B","B","B","N","N","N"
"4","NOXB",14546,"14546U","NOXB","02","02","N","N","N","N","N","N","N","N","N","N","N","N","N","N","N","N","N","N","N","N","N","B","B","B","B","B","B"
"4","HILO",14547,"14541S","IONA","03","03","N","N","N","N","N","N","N","N","N","N","N","N","N","N","N","N","N","N","N","N","B","B","B","S","N","N","N"
"4","BBLN",14548,"14536S","REFS","02","03","N","N","N","N","N","N","N","N","N","N","N","N","N","N","N","N","N","N","N","N","N","N","N","B","B","B","B"
"4","CBCO",14549,"14549U","KULA","02","02","N","N","N","N","N","N","N","N","N","N","N","N","N","N","N","N","N","N","N","N","N","N","N","B","B","B","B"
"4","CBCO",14550,"14550U","LCRK","02","02","N","N","N","N","N","N","N","N","N","N","N","N","N","N","N","N","N","N","N","N","N","N","N","B","B","B","B"
"4","GRSP",14551,"14551U","GRSP","02","02","N","N","N","N","N","N","N","N","N","N","N","N","N","N","N","N","N","N","N","N","N","B","B","N","B","N","N"
"5","MOOS",15501,"15501U","HUBB","04","03","B","N","N","N","N","N","N","N","N","N","N","N","N","N","N","N","N","N","N","N","N","N","N","N","N","N","N"
"5","MOOS",15502,"15502U","MOOS","04","03","N","B","B","N","N","N","N","N","N","N","N","N","N","N","N","N","N","N","N","N","N","N","N","N","N","N","N"
"5","HOPE",15504,"15504U","FL--","03","03","B","B","B","B","B","B","B","B","B","B","B","B","C","B","B","B","B","C","B","B","B","B","B","B","B","B","B"
"5","UPEN",15505,"15505S","UETE","04","04","B","B","B","N","N","N","N","N","N","N","N","N","N","N","N","N","N","N","N","N","N","N","N","N","N","N","N"
"5","BALT",15506,"15506U","BALT","04","05","B","B","N","N","N","N","N","N","N","N","N","N","N","N","N","N","N","N","N","N","N","N","N","N","N","N","N"
"5","GTSW",15507,"15507U","GTSW","03","03","B","B","B","B","B","B","B","B","B","B","B","B","N","N","N","N","N","N","N","N","N","N","N","N","N","N","N"
"5","RAKE",15508,"15508U","RAKE","03","03","B","B","N","N","N","N","N","N","N","N","N","N","N","N","N","N","N","N","N","N","N","N","N","N","N","N","N"
"5","LNER",15509,"15509U","LNER","04","03","B","B","B","B","B","B","B","B","B","B","B","B","B","B","B","B","B","B","B","B","B","B","B","B","N","N","N"
"5","IPLO",15510,"15510U","IPLO","04","04","B","B","B","B","B","B","B","B","B","B","N","N","N","N","N","N","N","N","N","N","N","N","N","B","B","B","B"
"5","HTAC",15511,"15511U","HTAC","03","03","B","B","N","N","N","N","N","N","N","N","N","N","N","N","N","N","N","N","N","N","N","N","N","N","N","N","N"
"5","POWD",15512,"15512S","POWD","04","04","B","B","B","B","B","B","B","B","B","B","B","B","B","B","B","B","B","B","B","B","B","B","B","B","B","B","B"
"5","TODD",15513,"15513U","TODD","03","05","X","N","N","N","N","N","N","N","N","N","N","N","N","N","N","N","N","N","N","N","N","N","N","N","N","N","N"
"5","CUVA",15514,"15514U","CUVA","03","03","B","B","B","B","N","N","N","N","N","N","N","N","N","N","N","N","N","N","N","N","N","N","N","N","N","N","N"
"5","BING",15515,"15512S","BING","04","04","B","B","N","N","N","N","N","N","N","N","N","N","N","N","N","N","N","N","N","N","N","N","N","N","N","N","N"
"5","FHSP",15516,"15516U","FHSP","04","03","B","B","B","B","B","N","N","N","N","N","N","N","N","N","N","N","N","N","N","N","N","N","N","N","N","N","N"
"5","STAN",15517,"15517S","HMA-","04","03","B","B","B","B","B","B","B","B","B","B","B","B","B","B","B","B","B","N","N","N","N","N","N","N","N","N","N"
"5","STAN",15518,"15517S","HMB-","04","03","B","B","B","B","B","B","B","B","B","B","B","B","B","B","B","B","B","N","N","N","N","N","N","N","N","N","N"
"5","VINS",15519,"15519U","VINS","04","01","B","B","B","B","B","B","B","X","N","N","N","N","N","N","N","N","N","N","N","N","N","N","N","N","N","N","N"
"5","LAHO",15520,"15520U","LAUR","03","04","X","B","B","B","B","B","B","B","B","B","B","B","B","B","B","B","B","B","N","N","N","N","N","N","N","N","N"
"5","SKRI",15521,"15521U","HAZD","04","04","B","B","B","B","N","N","N","N","N","N","N","N","N","N","N","N","N","N","N","N","N","N","N","N","N","N","N"
"5","THWO",15522,"15522U","THWO","04","04","B","B","B","B","B","B","B","B","B","B","B","B","B","B","B","B","B","N","N","N","N","N","N","N","N","N","N"
"5","SPRG",15524,"15524U","SPRG","04","03","B","B","B","B","B","B","B","B","S","B","N","N","N","N","N","N","N","N","N","N","N","N","N","N","N","N","N"
"5","ELMB",15525,"15525U","ELMB","04","04","B","B","B","B","N","N","N","N","N","N","N","N","N","N","N","N","N","N","N","N","N","N","N","N","N","N","N"
"5","SLBS",15526,"15526U","SLBS","04","02","B","C","S","S","B","B","X","S","S","N","N","N","N","N","N","N","N","N","N","N","N","N","N","N","N","N","N"
"5","DEVD",15527,"15527U","DEVD","04","04","B","B","B","B","B","B","B","N","N","N","N","N","N","N","N","N","N","N","N","N","N","N","N","N","N","N","N"
"5","INNI",15528,"15528U","INNI","04","04","B","B","B","B","B","B","B","B","B","X","B","B","B","B","B","B","B","B","B","B","B","B","B","B","B","B","B"
"5","PRCK",15529,"15529U","PRCK","04","04","B","B","B","B","B","B","N","N","N","N","N","N","N","N","N","N","N","N","N","N","N","N","N","N","N","N","N"
"5","WAWO",15530,"15530U","WAWO","03","04","B","B","B","B","B","X","B","B","B","B","B","B","B","B","B","N","N","N","N","N","N","N","N","N","N","N","N"
"5","HARF",15531,"15531U","HARF","03","03","B","B","B","X","B","B","B","B","B","N","N","N","N","N","N","N","N","N","N","N","N","N","N","N","N","N","N"
"5","SHEN",15532,"15532U","PAMO","03","03","B","N","N","N","N","N","N","N","N","N","N","N","N","N","N","N","N","N","N","N","N","N","N","N","N","N","N"
"5","SHEN",15533,"15533U","PICL","03","04","B","B","B","B","B","B","B","B","B","B","B","B","N","N","N","N","N","N","N","N","N","N","N","N","N","N","N"
"5","SHEN",15534,"15534U","PIRI","03","04","B","N","N","N","N","N","N","N","N","N","N","N","N","N","N","N","N","N","N","N","N","N","N","N","N","N","N"
"5","SHEN",15535,"15535U","THMO","03","04","B","N","N","N","N","N","N","N","N","N","N","N","N","N","N","N","N","N","N","N","N","N","N","N","N","N","N"
"5","SHEN",15536,"15536S","OCRO","03","04","B","N","N","N","N","N","N","N","N","N","N","N","N","N","N","N","N","N","N","N","N","N","N","N","N","N","N"
"5","SHEN",15537,"15537U","HARI","03","04","B","B","B","B","B","B","B","B","B","B","B","B","N","N","N","N","N","N","N","N","N","N","N","N","N","N","N"
"5","STMJ",15538,"15538S","STM1","04","05","B","N","N","N","N","N","N","N","N","N","N","N","N","N","N","N","N","N","N","N","N","N","N","N","N","N","N"
"5","DRUM",15539,"15539U","INDI","04","04","B","B","B","B","B","B","B","B","B","B","N","N","N","N","N","N","N","N","N","N","N","N","N","N","N","N","N"
"5","DRUM",15540,"15540U","BRAV","04","04","B","B","B","B","B","B","B","B","B","B","N","N","N","N","N","N","N","N","N","N","N","N","N","N","N","N","N"
"5","SHEN",15541,"15541U","BIRU","03","04","N","B","B","B","B","B","B","B","B","B","B","B","N","N","N","N","N","N","N","N","N","N","N","N","N","N","N"
"5","WPNT",15542,"15542U","WPNT","04","04","N","B","B","B","B","B","B","B","B","B","N","N","N","N","N","N","N","N","N","N","N","N","N","N","N","N","N"
"5","HEHO",15543,"15543U","HEHO","04","04","N","B","B","B","B","N","N","N","N","N","N","N","N","N","N","N","N","N","N","N","N","N","N","N","N","N","N"
"5","NHNH",15544,"15544U","NHNH","04","04","N","B","B","B","B","B","B","B","B","B","B","B","B","B","B","N","N","N","N","N","N","N","N","N","N","N","N"
"5","SIDN",15545,"15545U","SIDN","04","04","N","B","B","B","B","N","N","N","N","N","N","N","N","N","N","N","N","N","N","N","N","N","N","N","N","N","N"
"5","TAFT",15546,"15546U","TAFT","03","03","N","B","B","B","B","B","B","N","N","N","N","N","N","N","N","N","N","N","N","N","N","N","N","N","N","N","N"
"5","STMJ",15547,"15538S","STM2","04","05","N","B","B","N","B","B","N","N","N","N","N","N","N","N","N","N","N","N","N","N","N","N","N","N","N","N","N"
"5","SHEN",15548,"15548U","DEMO","03","04","N","B","B","B","B","B","B","B","B","B","B","B","N","N","N","N","N","N","N","N","N","N","N","N","N","N","N"
"5","SHEN",15549,"15549U","JERU","03","04","N","B","B","B","B","B","B","B","B","B","B","B","N","N","N","N","N","N","N","N","N","N","N","N","N","N","N"
"5","SHEN",15550,"15536S","CRRO","03","04","N","B","B","B","B","B","B","B","B","B","B","B","N","N","N","N","N","N","N","N","N","N","N","N","N","N","N"
"5","SKRI",15552,"15552U","NINI","04","04","N","B","B","B","B","B","B","B","B","N","N","N","N","N","N","N","N","N","N","N","N","N","N","N","N","N","N"
"5","SKRI",15553,"15553U","TRUS","04","04","N","B","B","B","B","B","B","N","N","N","N","N","N","N","N","N","N","N","N","N","N","N","N","N","N","N","N"
"5","AGSP",15554,"15554U","AGSP","03","04","N","N","B","X","B","N","N","N","N","N","N","N","N","N","N","N","N","N","N","N","N","N","N","N","N","N","N"
"5","MERD",15555,"15555U","MERD","04","04","N","N","B","B","B","B","B","B","N","N","N","N","N","N","N","N","N","N","N","N","N","N","N","N","N","N","N"
"5","GMVT",15556,"15556S","MANS","04","04","N","N","B","B","B","B","B","N","N","N","N","N","N","N","N","N","N","N","N","N","N","N","N","N","N","N","N"
"5","FANS",15557,"15557U","FANS","04","04","N","N","C","B","N","N","N","N","N","N","N","N","N","N","N","N","N","N","N","N","N","N","N","N","N","N","N"
"5","MOWO",15558,"15558U","MOWO","03","04","N","N","B","B","B","B","B","B","B","B","B","B","B","B","B","B","B","B","B","B","N","N","N","N","N","N","N"
"5","BASS",15559,"15559U","BASS","03","03","N","N","N","N","B","B","B","B","B","B","N","N","N","N","N","N","N","N","N","N","N","N","N","N","N","N","N"
"5","BMNC",15560,"15560S","BMNC","04","04","N","N","N","N","B","B","B","B","B","B","B","B","S","B","B","B","B","B","S","S","B","B","B","B","X","S","B"
"5","AROO",15561,"15561U","WOBO","04","04","N","N","B","B","B","B","B","N","N","N","N","N","N","N","N","N","N","N","N","N","N","N","N","N","N","N","N"
"5","CRES",15562,"15562U","CRES","03","03","B","B","B","B","B","N","N","N","N","N","N","N","N","N","N","N","N","N","N","N","N","N","N","N","N","N","N"
"5","NAMP",15563,"15563U","NAMP","04","04","N","N","N","B","B","B","S","B","N","N","N","N","N","N","N","N","N","N","N","N","N","N","N","N","N","N","N"
"5","RAYS",15564,"15564U","RAYS","03","04","N","N","N","B","N","N","N","N","N","N","N","N","N","N","N","N","N","N","N","N","N","N","N","N","N","N","N"
"5","GMVT",15565,"15556S","RABR","04","04","N","N","N","B","B","N","N","N","N","N","N","N","N","N","N","N","N","N","N","N","N","N","N","N","N","N","N"
"5","GMVT",15566,"15566U","BELM","04","04","N","N","N","B","N","N","N","N","N","N","N","N","N","N","N","N","N","N","N","N","N","N","N","N","N","N","N"
"5","TACO",15567,"15567U","EQUI","04","04","N","N","N","B","N","N","N","N","N","N","N","N","N","N","N","N","N","N","N","N","N","N","N","N","N","N","N"
"5","CATS",15568,"15568U","PLAT","04","04","N","N","N","B","N","N","N","N","N","N","N","N","N","N","N","N","N","N","N","N","N","N","N","N","N","N","N"
"5","TIFF",15569,"15569U","TIFF","03","03","N","N","N","N","B","B","N","N","N","N","N","N","N","N","N","N","N","N","N","N","N","N","N","N","N","N","N"
"5","GMVT",15570,"15556S","FRST","04","05","N","N","N","N","B","N","N","N","N","N","N","N","N","N","N","N","N","N","N","N","N","N","N","N","N","N","N"
"5","KNIS",15571,"15571U","KNIS","04","04","N","N","N","N","B","B","N","N","N","N","N","N","N","N","N","N","N","N","N","N","N","N","N","N","N","N","N"
"5","NERI",15573,"15573U","SAND","03","03","N","N","N","N","B","B","B","B","B","B","B","B","B","B","B","B","N","B","B","B","B","B","B","B","B","B","B"
"5","LCPA",15574,"15574U","BGRN","04","04","N","N","N","N","N","B","B","N","N","N","N","N","N","N","N","N","N","N","N","N","N","N","N","N","N","N","N"
"5","CBWP",15575,"15575U","CBWP","03","03","N","N","N","N","N","B","B","B","B","B","B","B","B","B","B","B","B","N","N","N","N","N","N","N","N","N","N"
"5","YANK",15576,"15576U","YANK","03","03","N","N","N","N","N","X","B","B","B","B","B","B","B","N","N","N","N","N","N","N","N","N","N","N","N","N","N"
"5","AUDU",15577,"15577U","MWSF","04","04","N","N","N","N","N","B","B","B","B","B","B","B","B","B","B","B","B","B","S","B","S","B","B","B","N","N","N"
"5","AUDU",15578,"15578U","BFSW","04","04","N","N","N","N","N","B","B","B","B","B","B","B","B","B","B","B","B","B","B","B","B","B","B","B","N","N","N"
"5","AUDU",15579,"15579S","SACF","04","04","N","N","N","N","N","B","B","B","B","B","B","B","B","B","B","B","B","B","B","B","B","B","B","B","N","N","N"
"5","AUDU",15580,"15580S","BORF","04","04","N","N","N","N","N","B","B","B","B","B","B","B","B","B","B","B","B","N","N","N","N","N","N","N","N","N","N"
"5","AUDU",15581,"15580S","BORR","04","04","N","N","N","N","N","B","B","B","B","B","B","B","B","B","B","B","B","N","N","N","N","N","N","N","N","N","N"
"5","AUDU",15582,"15579S","SACE","04","04","N","N","N","N","N","B","B","B","B","B","B","B","B","B","B","B","B","B","B","B","S","B","B","B","N","N","N"
"5","MALL",15583,"15583U","MALL","03","03","N","N","N","N","N","B","B","N","N","N","N","N","N","N","N","N","N","N","N","N","N","N","N","N","N","N","N"
"5","JARB",15584,"15584U","JARB","04","03","N","N","N","N","N","B","B","B","B","B","I","I","N","N","N","N","N","N","N","N","N","N","N","N","N","N","N"
"5","MDC1",15585,"15585U","MDC1","04","04","N","N","N","N","N","S","B","B","B","N","N","N","N","N","N","N","N","N","N","N","N","N","N","N","N","N","N"
"5","BUCK",15586,"15586U","BUHO","03","04","N","N","N","N","N","B","S","B","B","B","B","S","B","B","S","B","B","B","N","N","N","N","N","N","N","N","N"
"5","BUCK",15587,"15587U","FTTI","03","04","N","N","N","N","N","X","B","B","B","B","B","S","B","X","B","B","B","B","N","N","N","N","N","N","N","N","N"
"5","MBBS",15588,"15588U","MBBS","04","04","N","N","N","N","N","B","B","B","B","B","B","B","B","B","B","N","N","N","N","N","N","N","N","N","N","N","N"
"5","KNIS",15589,"15589U","HUNT","04","04","N","N","N","N","N","B","B","B","B","B","B","B","B","B","B","B","B","B","B","B","B","B","B","B","B","X","B"
"5","ROSS",15590,"15590U","ROSS","03","03","N","N","N","N","N","B","B","B","B","B","B","C","B","B","S","B","B","N","N","N","N","N","N","N","N","N","N"
"5","HOVA",15591,"15591U","VIRC","03","03","N","N","N","N","N","B","B","B","B","B","N","N","N","N","N","B","B","B","B","N","N","N","N","N","B","B","B"
"5","STTM",15592,"15592U","STTM","03","03","B","B","B","B","B","N","N","N","N","N","N","N","N","N","N","N","N","N","N","N","N","N","N","N","N","N","N"
"5","FUNP",15593,"15593U","FUNP","04","04","N","N","N","N","N","B","B","B","B","B","B","B","B","B","B","N","N","N","N","N","N","N","N","N","N","N","N"
"5","HEBR",15594,"15594U","CLHI","04","04","N","N","N","N","N","B","B","B","B","B","S","B","B","S","B","I","N","N","N","N","N","N","N","N","N","N","N"
"5","CUYA",15595,"15595U","ERCA","04","04","N","N","N","N","N","N","B","B","B","B","B","S","N","N","N","N","N","N","N","N","B","B","B","B","X","N","N"
"5","ARBO",15596,"15596S","ARB1","03","03","N","N","N","N","N","N","B","B","B","B","B","B","B","B","B","N","N","B","N","N","N","N","N","N","N","N","N"
"5","ARBO",15597,"15596S","ARB2","03","03","N","N","N","N","N","N","B","B","B","B","B","B","B","B","B","N","N","B","N","N","N","N","N","N","N","N","N"
"5","EMCI",15598,"15598U","ROIS","04","04","N","N","N","N","B","B","B","B","B","B","B","S","N","N","N","N","N","N","N","N","N","N","N","N","N","N","N"
"5","EMCI",15599,"15599U","SPNE","04","04","N","N","N","N","B","B","B","B","B","B","B","B","N","N","N","N","N","N","N","N","N","N","N","N","N","N","N"
"5","EMCI",15600,"15600U","SCPO","04","04","N","N","N","N","B","B","B","B","B","B","B","B","N","N","N","N","N","N","N","N","N","N","N","N","N","N","N"
"5","EMCI",15601,"15601U","PEMA","04","04","N","N","N","N","N","B","B","B","B","B","B","S","N","N","N","N","N","N","N","N","N","N","N","N","N","N","N"
"5","MERR",15602,"15602S","MERR","03","03","N","N","N","N","N","N","B","N","N","N","N","N","N","N","N","N","N","N","N","N","N","N","N","N","N","N","N"
"5","AUDU",15603,"15603U","GMFI","04","04","N","N","N","N","N","N","B","B","B","B","B","B","B","B","B","B","B","B","B","B","B","B","B","B","N","N","N"
"5","EISE",15604,"15604U","EISE","03","03","N","N","N","N","N","N","S","N","N","N","N","N","N","N","N","N","N","N","N","N","N","N","N","N","N","N","N"
"5","CACO",15605,"15605U","NASC","04","04","N","N","N","N","N","N","N","B","B","B","B","B","N","N","N","N","N","N","N","N","N","N","N","N","N","N","N"
"5","CACO",15606,"15606U","MABE","04","04","N","N","N","N","N","N","N","B","B","B","B","B","N","N","N","N","N","N","N","N","N","N","N","N","N","N","N"
"5","CACO",15607,"15607U","BLHI","04","04","N","N","N","N","N","N","N","B","B","B","B","B","N","N","N","N","N","N","N","N","N","N","N","N","N","N","N"
"5","CACO",15608,"15608U","HIHO","04","04","N","N","N","N","N","N","N","B","B","B","B","B","N","N","N","N","N","N","N","N","N","N","N","N","N","N","N"
"5","CACO",15609,"15609U","OADU","04","04","N","N","N","N","N","N","N","B","B","B","B","B","N","N","N","N","N","N","N","N","N","N","N","N","N","N","N"
"5","CACO",15610,"15610U","LOBE","04","04","N","N","N","N","N","N","N","B","B","B","B","B","N","N","N","N","N","N","N","N","N","N","N","N","N","N","N"
"5","MNWR",15611,"15611U","MAIN","04","04","N","N","N","N","N","N","N","B","N","N","N","N","N","N","N","N","N","N","N","N","N","N","N","N","N","N","N"
"5","MERR",15612,"15602S","APOR","03","04","N","N","N","N","N","N","N","B","B","B","B","B","N","B","N","N","N","N","N","N","N","N","N","N","N","N","N"
"5","BUCK",15613,"15613S","WIBR","03","03","N","N","N","N","N","N","N","B","B","B","B","B","B","B","B","B","S","S","N","N","N","N","N","N","N","N","N"
"5","BOHE",15614,"15614U","BOHE","04","04","N","N","N","N","N","N","N","B","B","B","B","B","B","B","B","B","B","N","B","N","N","N","N","N","N","N","N"
"5","SBNC",15615,"15615U","NISS","04","04","N","N","N","N","N","N","N","B","B","N","N","N","N","N","N","N","N","N","N","N","N","N","N","N","N","N","N"
"5","BETR",15616,"15616U","BETR","03","03","N","N","N","N","N","N","N","S","N","N","N","N","N","N","N","N","N","N","N","N","N","N","N","N","N","N","N"
"5","EMCI",15617,"15617U","ATRE","04","04","N","N","N","N","N","N","B","B","B","B","B","X","N","N","N","N","N","N","N","N","N","N","N","N","N","N","N"
"5","SINY",15618,"15618U","MASH","04","04","N","N","N","N","N","N","N","N","B","B","B","B","B","N","N","N","N","N","N","N","N","N","N","N","N","N","N"
"5","CARI",15619,"15619U","CARI","04","04","N","N","N","N","N","N","N","N","B","B","B","B","B","B","B","B","B","B","B","B","B","B","B","B","B","B","B"
"5","GRSM",15620,"15620U","GSMI","03","03","N","N","N","N","N","N","N","N","B","B","B","B","B","B","B","B","N","N","N","N","B","B","B","B","B","B","B"
"5","POCO",15621,"15621U","KETT","03","04","N","N","N","N","N","N","N","N","B","B","B","B","B","B","B","B","B","B","B","B","B","B","X","B","N","N","N"
"5","POCO",15622,"15622S","SKYT","04","04","N","N","N","N","N","N","N","N","B","B","B","B","B","N","N","N","N","N","N","N","N","N","N","N","N","N","N"
"5","HELM",15623,"15623U","HELM","04","04","N","N","N","N","N","N","N","N","B","B","B","B","B","N","N","N","N","N","N","N","N","N","N","N","N","N","N"
"5","ADVE",15624,"15624U","ADVE","03","03","N","N","N","N","N","N","N","N","B","B","B","B","B","B","B","B","B","N","N","N","N","N","N","N","N","N","N"
"5","BUCK",15625,"15613S","CORS","03","03","N","N","N","N","N","N","N","N","S","B","B","S","B","B","B","B","S","N","N","N","N","N","N","N","N","N","N"
"5","FUNP",15626,"15626U","FNP2","04","04","N","N","N","N","N","N","N","N","B","B","B","B","B","B","B","N","N","N","N","N","N","N","N","N","N","N","N"
"5","SUGR",15627,"15627U","SFPR","03","03","N","N","N","N","N","N","N","N","N","B","B","B","B","B","B","B","B","N","N","N","N","N","N","N","N","N","N"
"5","SUGR",15628,"15628S","BECR","03","04","N","N","N","N","N","N","N","N","N","B","B","B","B","B","B","B","B","N","N","N","N","N","N","N","N","N","N"
"5","FRBN",15629,"15629U","FRBV","04","03","N","N","N","N","N","N","N","N","N","B","B","B","N","N","N","N","N","N","N","N","N","N","N","N","N","N","N"
"5","MARV",15630,"15630S","BEAV","04","04","N","N","N","N","N","N","N","N","N","B","B","B","B","B","B","B","B","B","B","B","B","B","B","B","B","B","B"
"5","SSNC",15631,"15631U","SSNC","04","03","N","N","N","N","N","N","N","N","N","B","B","B","S","B","C","B","N","N","N","N","N","N","N","N","N","N","N"
"5","TCFS",15632,"15632U","MAP2","04","04","N","N","N","N","N","N","N","N","N","B","B","B","B","B","B","B","B","B","N","N","N","N","N","N","N","N","N"
"5","CASP",15633,"15633U","MAP1","04","04","N","N","N","N","N","N","N","N","N","B","B","B","B","B","B","B","B","B","B","B","B","B","B","B","B","B","B"
"5","STKY",15634,"15634U","STKY","04","04","N","N","N","N","N","N","N","B","B","B","N","N","N","N","N","N","N","N","N","N","N","N","N","N","N","N","N"
"5","TRAC",15635,"15635U","HOFF","04","03","N","N","N","N","N","N","N","N","N","B","B","B","I","B","B","B",".","N","N","N","N","N","N","N","N","N","N"
"5","FIVE",15636,"15636U","EANY","04","04","N","N","N","N","N","N","N","N","N","B","B","B","B","B","B","B","B","B","B","B","B","B","B","B","B","B","B"
"5","CLDC",15637,"15637U","CLDC","04","04","N","N","N","N","N","N","N","N","N","B","B","S","B","B","B","B","B","B","B","N","N","N","N","N","N","N","N"
"5","KNIS",15638,"15638U","MISS","04","04","N","N","N","N","N","N","N","N","N","B","B","B","B","N","N","N","N","N","N","N","N","N","N","N","N","N","N"
"5","RWMA",15639,"15639U","RWMA","03","03","N","N","N","N","N","N","N","N","N","B","B","N","N","N","N","N","N","N","N","N","N","N","N","N","N","N","N"
"5","QUCC",15640,"15640U","QUCC","04","03","N","N","N","N","N","N","N","N","S","N","N","N","N","N","N","N","N","N","N","N","N","N","N","N","N","N","N"
"5","HOGI",15641,"15641U","HOGI","04","04","N","N","N","N","N","N","N","N","N","N","B","N","N","N","N","N","N","N","N","N","N","N","N","N","N","N","N"
"5","NSVL",15642,"15642U","BLAN","03","03","N","N","N","N","N","N","N","N","N","N","B","B","B","B","B","N","N","N","N","N","N","N","N","N","N","N","N"
"5","NSVL",15643,"15643U","GLEN","03","03","N","N","N","N","N","N","N","N","N","N","B","B","B","B","B","N","N","N","N","N","N","N","N","N","N","N","N"
"5","GRSM",15644,"15644U","PUKN","03","03","N","N","N","N","N","N","N","N","N","N","B","B","B","B","B","B","N","N","N","N","N","N","N","N","N","N","N"
"5","ASRP",15645,"15645U","ASRP","04","04","N","N","N","N","N","N","N","N","N","N","B","B","B","B","B","B","B","B","B","B","N","N","N","N","N","N","N"
"5","ATON",15646,"15646U","ATOS","04","04","N","N","N","N","N","N","N","N","N","N","B","B","B","B","B","B","S","B","X","N","N","N","N","N","N","N","N"
"5","WING",15647,"15647U","PUNK","04","04","N","N","N","N","N","N","N","N","N","N","B","B","B","B","B","B","B","B","N","N","N","N","N","N","N","N","N"
"5","CMAC",15648,"15648U","CMS1","04","04","N","N","N","N","N","N","N","N","N","N","B","B","B","B","B","B","B","B","B","B","N","N","N","N","N","N","N"
"5","MARV",15649,"15630S","KANE","04","04","N","N","N","N","N","N","N","N","N","N","B","B","B","B","B","B","B","B","N","N","N","N","N","N","N","N","N"
"5","BBBO",15650,"15650S","KAIS","04","04","N","N","N","N","N","N","N","N","N","N","B","B","N","N","N","N","N","B","B","B","B","B","B","B","B","B","N"
"5","BBBO",15651,"15650S","NBLD","04","05","N","N","N","N","N","N","N","N","N","N","B","B","N","N","N","N","N","N","N","N","N","N","N","N","N","N","N"
"5","POCO",15652,"15652U","LONG","04","05","N","N","N","N","N","N","N","N","N","B","B","B","B","B","B","N","N","N","N","N","N","N","N","N","N","N","N"
"5","POCO",15653,"15653S","TWOM","04","05","N","N","N","N","N","N","N","N","N","X","B","B","B","B","X","B","B","X","X","X","B","X","X","B","N","N","N"
"5","BRUN",15654,"15654U","GOCO","04","04","N","N","N","N","N","N","N","N","N","N","N","B","B","B","B","B","B","N","N","N","N","N","N","N","N","N","N"
"5","BRUN",15655,"15655U","CHRO","04","04","N","N","N","N","N","N","N","N","N","N","N","B","B","B","B","B","B","N","N","N","N","N","N","N","N","N","N"
"5","BRUN",15656,"15656U","REPO","04","04","N","N","N","N","N","N","N","N","N","N","N","B","B","B","B","T","B","N","N","N","N","N","N","N","N","N","N"
"5","BRUN",15657,"15657U","PONU","04","04","N","N","N","N","N","N","N","N","N","N","N","B","B","B","B","B","B","N","N","N","N","N","N","N","N","N","N"
"5","BRUN",15658,"15658U","BLUE","04","04","N","N","N","N","N","N","N","N","N","N","N","B","B","B","B","T","B","N","N","N","N","N","N","N","N","N","N"
"5","BRUN",15659,"15659U","HGHL","04","04","N","N","N","N","N","N","N","N","N","N","N","B","B","B","B","B","B","N","N","N","N","N","N","N","N","N","N"
"5","PAGR",15660,"15660U","PAGR","04","04","N","N","N","N","N","N","N","N","N","N","N","B","N","N","N","N","N","N","N","N","N","N","N","N","N","N","N"
"5","BMAC",15661,"15560S","BAAR","04","04","N","N","N","N","N","N","N","N","N","N","N","B","B","B","B","B","B","B","B","B","B","B","B","B","B","B","B"
"5","ALMS",15662,"15662U","ALMS","03","03","N","N","N","N","N","N","N","N","N","N","N","N","B","B","B","B","B","B","B","B","B","N","N","N","N","N","N"
"5","TASW",15663,"15663U","TASW","04","05","N","N","N","N","N","N","N","N","N","N","N","B","B","B","B","B","N","N","N","N","N","N","N","N","N","N","N"
"5","MARV",15664,"15630S","RACK","04","04","N","N","N","N","N","N","N","N","N","N","N","N","B","B","B","B","B","B","B","B","B","B","B","N","N","N","N"
"5","SUGR",15665,"15628S","LIRU","03","03","N","N","N","N","N","N","N","N","N","N","N","N","N","B","B","B","B","N","N","N","N","N","N","N","N","N","N"
"5","SUGR",15666,"15666U","FLRU","03","03","N","N","N","N","N","N","N","N","N","N","N","N","N","B","B","B","B","N","N","N","N","N","N","N","N","N","N"
"5","KSMA",15667,"15667U","KSMA","04","04","N","N","N","N","N","N","N","N","N","N","N","N","B","B","B","B","B","B","B","N","N","N","N","N","N","N","N"
"5","HCBS",15668,"15668S","HCBS","04","04","N","N","N","N","N","N","N","N","N","N","N","B","B","S","N","N","N","N","N","N","N","N","N","N","N","N","N"
"5","RUTH",15669,"15669U","RUTH","04","04","N","N","N","N","N","N","N","N","N","N","N","N","B","I","B","B","N","N","N","N","N","N","N","N","N","N","N"
"5","GIFA",15670,"15670U","GIFA","04","01","N","N","N","N","N","N","N","I","B","I","X","B","B","I","I","N","N","N","N","N","N","N","N","N","N","N","N"
"5","MCRM",15671,"15671U","MCRM","03","03","N","N","N","N","N","N","N","N","N","N","N","N","N","B","B","N","B","B","B","B","S","N","N","N","N","N","N"
"5","NUBA",15672,"15672U","BKBR","04","04","N","N","N","N","N","N","N","N","N","N","N","N","B","B","B","B","B","B","B","B","B","N","N","N","N","N","N"
"5","CAHI",15674,"15674U","CAHI","04","04","N","N","N","N","N","N","N","N","N","N","N","N","N","N","B","B","B","S","B","B","N","N","N","N","N","N","N"
"5","TORO",15675,"15675U","HUMB","04","04","N","N","N","N","N","N","N","N","N","N","N","N","N","N","B","B","N","N","N","N","N","N","N","N","N","N","N"
"5","POCO",15676,"15622S","STRM","04","05","N","N","N","N","N","N","N","N","N","N","N","N","N","N","B","B","B","N","B","X","X","N","N","N","N","N","N"
"5","PSC-",15677,"15677U","SMWA","04","04","N","N","N","N","N","N","N","N","N","N","N","N","N","N","N","B","N","N","N","N","N","N","N","N","N","N","N"
"5","BVLF",15678,"15678U","BVLF","03","03","N","N","N","N","N","N","N","N","N","N","N","N","N","N","N","B","B","B","B","B","N","N","N","N","N","N","N"
"5","DCVT",15679,"15679U","DCVT","04","04","N","N","N","N","N","N","N","N","N","N","N","N","N","N","N","B","B","S","B","B","B","B","B","B","B","S","N"
"5","TUCK",15680,"15680U","TUCK","04","05","N","N","N","N","N","N","N","N","S","I","S","B","X","S","X","X","X","X","X","B","N","N","N","B","B","B","B"
"5","BMNC",15681,"15681U","JNST","04","04","N","N","N","N","N","N","N","N","N","N","N","N","N","I","B","B","X","B","X","S","B","B","B","B","X","S","B"
"5","GRSM",15682,"15682U","RIBA","03","03","N","N","N","N","N","N","N","N","N","N","N","N","N","N","N","X","B","B","B","B","B","B","B","B","N","N","N"
"5","CTWD",15683,"15683U","NASF","04","99","N","N","N","N","N","N","N","N","N","N","N","N","N","N","N","N","B","N","N","N","N","N","N","N","N","N","N"
"5","MBOM",15684,"15684U","MBOM","04","04","N","N","N","N","N","N","N","N","N","N","N","N","N","N","N","N","N","B","B","B","B","B","B","B","B","B","B"
"5","AXIS",15685,"15685U","MABO","04","04","N","N","N","N","N","N","N","N","N","N","N","N","N","N","N","N","N","B","B","B","X","B","B","B","B","B","B"
"5","AXIS",15686,"15686U","RRID","04","04","N","N","N","N","N","N","N","N","N","N","N","N","N","N","N","N","N","B","B","B","X","N","N","N","N","N","N"
"5","ARBO",15687,"15596S","ARB3","03","99","N","N","N","N","N","N","N","N","N","N","N","N","N","N","N","N","N","N","B","N","N","N","N","N","N","N","N"
"5","MOLT",15688,"15688U","HIND","04","04","N","N","N","N","N","N","N","N","N","N","N","N","N","N","N","N","N","N","B","B","B","B","B","B","B","B","B"
"5","AXIS",15689,"15689U","BLAK","04","04","N","N","N","N","N","N","N","N","N","N","N","N","N","N","N","N","N","N","B","B","N","N","N","N","N","N","N"
"5","WSED",15690,"15690U","BIXB","04","04","N","N","N","N","N","N","N","N","N","N","N","N","N","N","N","N","N","N","N","B","B","B","B","B","B","B","B"
"5","JANY",15691,"15691U","JANY","04","04","N","N","N","N","N","N","N","N","N","N","N","N","N","N","N","N","N","N","N","B","B","B","B","B","B","B","B"
"5","ALFR",15692,"15692U","PINE","04","04","N","N","N","N","N","N","N","N","N","N","N","N","N","N","N","N","N","N","N","B","B","B","B","S","S","S","N"
"5","NBNC",15693,"15693U","NBNC","04","04","N","N","N","N","N","N","N","N","N","N","N","N","N","N","N","N","N","N","N","B","B","B","B","B","B","B","B"
"5","MARV",15694,"15630S","SKIF","04","04","N","N","N","N","N","N","N","N","N","N","N","N","N","N","N","N","N","N","N","B","B","B","B","B","B","B","B"
"5","HANA",15695,"15695U","HANA","04","04","N","N","N","N","N","N","N","N","N","N","N","N","N","N","N","N","N","N","N","B","B","B","B","N","N","N","N"
"5","RWPR",15696,"15696U","RWPR","03","03","N","N","N","N","N","N","N","N","N","N","N","N","N","N","N","N","N","N","N","B","B","B","B","B","B","B","B"
"5","MSHI",15697,"15697U","LAFA","04","04","N","N","N","N","N","N","N","N","N","N","N","N","N","N","N","N","N","N","N","N","B","B","X","B","B","B","B"
"5","BBBS",15698,"15698U","BBBS","03","03","N","N","N","N","N","N","N","N","N","N","N","N","N","N","N","N","N","B","B","B","B","N","N","N","N","N","N"
"5","TESS",15699,"15699U","TESS","03","03","N","N","N","N","N","N","N","N","N","N","N","N","N","N","N","N","N","N","B","B","B","N","N","N","N","N","N"
"5","COWE",15700,"15700U","COWE","03","03","N","N","N","N","N","N","N","N","N","N","N","N","N","N","N","N","N","N","N","N","B","N","N","N","N","N","N"
"5","CLDC",15701,"15701U","SWAT","04",,"N","N","N","N","N","N","N","N","N","N","N","N","N","N","N","S","B","B","B","B","B","S","S","B","N","N","N"
"5","APBP",15702,"15702S","AKBW","04","04","N","N","N","N","N","N","N","N","N","N","N","N","N","N","N","N","N","N","N","N","X","B","B","B","B","B","B"
"5","APBP",15703,"15702S","AKRB","04","04","N","N","N","N","N","N","N","N","N","N","N","N","N","N","N","N","N","N","N","N","B","B","B","B","B","B","B"
"5","KOFF",15704,"15704S","KSRA","04","04","N","N","N","N","N","N","N","N","N","N","N","N","N","N","N","N","N","N","N","N","N","B","B","B","B","B","B"
"5","KOFF",15705,"15704S","KSRB","04","04","N","N","N","N","N","N","N","N","N","N","N","N","N","N","N","N","N","N","N","N","N","B","B","B","B","S","B"
"5","WCES",15706,"15653S","WCTD","04","04","N","N","N","N","N","N","N","N","N","N","N","N","N","N","N","N","N","N","N","N","N","N","B","N","B","N","N"
"5","HPSA",15707,"15707U","HPSA","04",,"N","N","N","N","N","N","N","N","N","N","N","N","N","N","N","N","N","B","N","N","N","N","N","N","N","N","N"
"5","MING",15708,"15708U","MING","03","03","N","N","N","N","N","N","N","N","N","N","N","N","N","N","N","N","N","N","N","N","N","N","N","B","B","B","B"
"5","CROS",15709,"CROSU","CROS","03","03","N","N","N","N","N","N","N","N","N","N","N","N","N","N","N","N","N","N","N","N","N","N","N","B","B","B","B"
"5","MARV",15710,"15710U","TOPR","04",,"N","N","N","N","N","N","N","N","N","N","N","N","N","N","N","N","N","N","N","N","N","N","N","B","B","B","B"
"5","MACP",15711,"15668S","MACP","04","02","N","N","N","N","N","N","N","N","N","N","N","N","N","N","N","N","N","N","N","N","N","N","N","X","B","B","N"
"5","SELK",15712,"15712U","SELK","04","02","N","N","N","N","N","N","N","N","N","N","N","N","N","N","N","N","N","N","N","N","N","N","N","X","B","N","B"
"5","DUKE",15713,"15713U","DUBA","03","03","N","N","N","N","N","N","N","N","N","N","N","N","N","N","N","N","N","N","N","N","N","N","N","N","B","B","B"
"5","BOUS",15714,"15714U","BOUS","04","04","N","N","N","N","N","N","N","N","N","N","N","N","N","N","N","N","N","N","N","N","N","N","N","N","B","B","B"
"5","BEHI",15715,"BEHIU","BEHI","04","04","N","N","N","N","N","N","N","N","N","N","N","N","N","N","N","N","N","N","N","N","N","N","N","N","B","B","B"
"5","OHBO",15716,"15716U","OHBO","03","03","N","N","N","N","N","N","N","N","N","N","N","N","N","N","N","N","N","N","N","N","N","N","N","N","B","B","B"
"5","MDSF",15717,"15717U","MDSF","04",,"N","N","N","N","N","N","N","N","N","N","N","N","N","N","N","N","N","N","N","N","N","N","N","N","N","B","B"
"6","DISM",16601,"16601U","DISM","03","02","S","B","B","B","B","B","B","B","B","N","B","B","S","B","B","B","S","B","B","S","B","B","B","N","N","N","N"
"6","SKJG",16602,"16602U","SKJG","03","03","B","B","B","B","B","B","B","B","N","N","N","N","N","N","N","N","N","N","N","N","N","N","N","N","N","N","N"
"6","JBWS",16603,"16603U","JBWS","03","03","B","B","B","B","B","B","B","B","B","B","B","B","B","B","B","B","B","B","B","B","B","B","B","B","B","B","B"
"6","KYRI",16604,"16604U","ROHI","03","03","N","N","N","N","N","N","N","N","N","N","N","N","N","N","N","N","N","N","N","N","N","B","B","B","B","N","N"
"6","CONG",16605,"16605U","CONG","02","02","B","B","B","B","B","B","B","B","B","B","B","N","I","I","N","N","N","N","N","N","N","N","N","N","N","N","N"
"6","WPNC",16606,"16606U","WPNC","03","01","B","B","B","B","B","B","B","B","B","B","B","B","B","B","B","B","B","B","B","B","B","B","B","B","B","B","B"
"6","DUCR",16607,"16607U","DUCR","03","02","S","B","C","C","N","N","N","N","N","N","N","N","N","N","N","N","N","N","N","N","N","N","N","N","N","N","N"
"6","GRAS",16608,"16608U","GRAS","03","03","B","B","B","B","B","N","N","N","N","N","N","N","N","N","N","N","N","N","N","N","N","N","N","N","N","N","N"
"6","PWRC",16609,"16609U","PWRC","03","03","B","B","B","B","B","B","B","N","N","N","N","N","N","N","N","N","B","B","B","B","B","B","B","B","B","N","N"
"6","NAVY",16610,"16610U","PLOW","03","03","B","B","B","B","B","B","B","B","B","B","B","B","B","B","B","B","N","N","N","N","N","N","N","N","N","N","N"
"6","NAVY",16611,"16611S","PUP1","03","03","B","B","B","B","B","B","B","B","B","B","B","B","B","B","B","B","N","N","N","N","N","N","N","N","N","N","N"
"6","NAVY",16612,"16611S","PUP2","03","03","B","B","B","B","B","B","B","B","B","B","B","B","B","B","B","B","N","N","N","N","N","N","N","N","N","N","N"
"6","NAVY",16613,"16613S","DHLG","03","03","B","B","B","B","B","B","B","B","B","B","B","N","N","N","N","N","N","N","N","N","N","N","N","N","N","N","N"
"6","NAVY",16614,"16614U","INHE","03","03","B","B","B","B","B","B","B","B","B","B","B","X","N","N","N","N","N","N","N","N","N","N","N","N","N","N","N"
"6","BIGS",16616,"16616U","BIGS","03","03","N","B","B","B","B","B","B","B","B","B","B","B","B","B","N","N","N","N","N","N","N","N","N","N","N","N","N"
"6","PEAR",16617,"16617U","PEAR","02","03","N","B","T","B","S","N","N","N","N","N","N","N","N","N","N","N","N","N","N","N","N","N","N","N","N","N","N"
"6","SVWA",16618,"16618U","SVWA","03","02","N","C","B","B","B","B","B","B","B","B","B","B","B","B","B","B","B","B","B","B","B","B","B","B","B","B","B"
"6","NAVY",16619,"16619S","STNE","03","03","N","B","B","B","B","B","B","B","B","B","B","B","N","N","N","N","N","N","N","N","N","N","N","N","N","N","N"
"6","JEFF",16620,"16620U","AR54","03","03","N","N","B","B","B","B","B","B","B","B","B","N","B","B","B","B","B","N","N","N","N","N","N","N","N","N","N"
"6","JEFF",16621,"16621S","AR27","03","03","N","N","B","B","B","B","B","B","B","B","B","N","N","N","N","N","N","N","N","N","N","N","N","N","N","N","N"
"6","JEFF",16622,"16622U","AR66","03","03","N","N","B","B","N","N","N","N","N","N","N","N","N","N","N","N","N","N","N","N","N","N","N","N","N","N","N"
"6","JEFF",16623,"16623U","AR16","03","03","N","N","B","B","B","B","B","B","B","B","B","N","B","N","N","N","N","N","N","N","N","N","N","N","N","N","N"
"6","JEFF",16624,"16624U","AR31","03","03","N","N","B","B","B","B","B","B","B","B","B","N","B","B","B","B","B","N","N","B","B","B","B","N","N","N","N"
"6","JEFF",16625,"16625S","AR07","03","03","N","N","B","B","B","B","B","B","B","B","B","N","B","B","B","B","B","N","N","B","B","B","B","N","N","N","N"
"6","CRAN",16626,"16626U","FIRS","03","04","N","N","B","B","B","B","B","B","B","B","B","N","B","B","B","B","B","N","N","B","B","B","B","N","N","N","N"
"6","CRAN",16627,"16627U","WICE","03","04","N","N","B","B","B","B","B","B","B","B","B","N","B","B","B","B","B","N","N","N","N","N","N","N","N","N","N"
"6","CRAN",16628,"16628U","SEED","03","04","N","N","B","B","B","B","B","B","B","B","B","N","B","B","B","B","B","N","N","B","B","B","B","N","N","N","N"
"6","CRAN",16629,"16629U","SULP","03","04","N","N","B","B","B","B","B","B","B","B","B","N","B","B","B","B","B","N","N","B","B","B","B","N","N","N","N"
"6","CRAN",16630,"16630U","EABO","03","04","N","N","B","B","B","B","B","B","B","B","B","N","B","B","B","B","B","N","N","B","B","B","B","N","N","N","N"
"6","CRAN",16631,"16631U","AR14","03","04","N","N","B","B","B","B","B","B","B","B","B","N","B","B","B","B","B","N","N","B","B","B","B","N","N","N","N"
"6","KNOX",16632,"16632U","OHRI","03","03","N","N","B","B","B","B","B","B","B","B","B","N","B","B","B","N","N","N","N","N","N","N","N","N","N","N","N"
"6","KNOX",16633,"16633U","MCSP","03","03","N","N","B","B","B","B","B","B","B","B","B","N","B","B","B","B","B","N","N","N","N","N","N","N","N","N","N"
"6","KNOX",16634,"16634U","CEDA","03","03","N","N","B","B","B","B","B","B","B","B","B","N","B","B","B","B","B","N","N","N","N","N","N","N","N","N","N"
"6","KNOX",16635,"16635U","SARI","03","03","N","N","B","B","B","B","B","B","B","B","B","N","B","B","B","B","B","N","N","N","N","N","N","N","N","N","N"
"6","KNOX",16636,"16636U","DULA","03","03","N","N","B","B","B","B","B","B","B","B","B","N","N","N","N","N","N","N","N","N","N","N","N","N","N","N","N"
"6","KNOX",16637,"16637U","LDLA","03","03","N","N","B","B","B","B","B","B","B","B","B","N","B","N","N","N","N","N","N","N","N","N","N","N","N","N","N"
"6","NHW-",16638,"16638U","ONHW","03","02","N","N","B","B","B","B","B","N","N","N","N","N","N","N","N","N","N","N","N","N","N","N","N","N","N","N","N"
"6","PCSF",16640,"16640U","TRFA","03","03","N","N","B","B","B","B","B","B","B","N","N","N","N","N","N","N","N","N","N","N","N","N","N","N","N","N","N"
"6","BLSF",16641,"16641U","BLSF","02","01","N","N","B","N","N","N","N","N","N","N","N","N","N","N","N","N","N","N","N","N","N","N","N","N","N","N","N"
"6","NEWA",16642,"16642S","UDWN","03","03","N","N","B","B","B","B","B","B","N","N","N","N","N","N","N","N","N","N","N","N","N","N","N","N","N","N","N"
"6","NEWA",16643,"16642S","UDWS","03","03","N","N","B","B","B","B","B","B","N","N","N","N","N","N","N","N","N","N","N","N","N","N","N","N","N","N","N"
"6","BELV",16644,"16644U","BUPL","03","03","N","N","N","B","B","B","B","B","B","B","B","N","N","N","N","N","N","N","N","N","N","N","N","N","N","N","N"
"6","BELV",16645,"16645U","BLOW","03","03","N","N","N","B","B","B","B","B","B","B","B","N","N","N","N","N","N","N","N","N","N","N","N","N","N","N","N"
"6","BELV",16646,"16646U","MAS1","03","03","N","N","N","B","B","B","B","B","B","B","B","B","B","B","B","B","B","B","B","B","N","N","N","N","N","N","N"
"6","BELV",16647,"16647U","MAS2","03","03","N","N","N","B","B","B","B","B","B","B","B","B","B","B","B","B","B","B","B","B","N","N","N","N","N","N","N"
"6","APHI",16648,"16648S","APH1","03","03","N","N","N","B","B","B","B","B","B","B","B","B","N","N","N","N","N","N","N","N","N","N","N","N","N","N","N"
"6","APHI",16649,"16648S","APH2","03","03","N","N","N","B","B","B","B","B","B","B","B","B","N","N","N","N","N","N","N","N","N","N","N","N","N","N","N"
"6","TIDE",16650,"16650U","FENT","03","03","N","N","N","B","B","B","B","B","B","B","B","N","N","N","N","N","N","N","N","N","N","N","N","N","N","N","N"
"6","TIDE",16651,"16651U","CPEN","03","03","N","N","N","B","B","B","B","B","B","B","B","N","N","N","N","N","N","N","N","N","N","N","N","N","N","N","N"
"6","TIDE",16652,"16652U","OWLS","03","03","N","N","N","B","B","B","B","B","B","B","B","N","N","N","N","N","N","N","N","N","N","N","N","N","N","N","N"
"6","TIDE",16653,"16653U","BOAR","03","03","N","N","N","B","B","B","B","B","B","B","B","N","N","N","N","N","N","N","N","N","N","N","N","N","N","N","N"
"6","TIDE",16654,"16654U","POND","03","03","N","N","N","B","B","B","B","B","B","B","B","N","N","N","N","N","N","N","N","N","N","N","N","N","N","N","N"
"6","TIDE",16655,"16655U","ROTH","03","03","N","N","N","B","B","B","B","B","B","B","B","N","N","N","N","N","N","N","N","N","N","N","N","N","N","N","N"
"6","BRAG",16656,"16656U","I102","02","02","N","N","N","B","B","B","B","B","B","B","B","N","N","N","N","N","N","N","N","N","N","N","N","N","N","N","N"
"6","BRAG",16657,"16657S","I104","02","02","N","N","N","B","B","B","B","B","B","B","B","B","B","B","B","B","B","B","N","N","N","N","N","N","N","N","N"
"6","BRAG",16658,"16658U","I113","02","02","N","N","N","B","B","B","B","B","B","B","B","B","B","B","B","B","B","B","N","N","N","N","N","B","B","N","N"
"6","BRAG",16659,"16657S","S110","02","02","N","N","N","B","B","B","B","B","B","B","B","B","B","B","B","B","B","B","N","N","N","N","N","B","B","N","N"
"6","BRAG",16660,"16660U","S112","02","02","N","N","N","B","B","B","B","B","B","B","B","B","B","B","B","B","B","B","N","N","N","N","N","N","N","N","N"
"6","BRAG",16661,"16661U","S114","02","02","N","N","N","B","B","B","B","B","S","B","I","B","B","B","B","B","B","B","N","N","N","N","N","N","N","N","N"
"6","CSWR",16662,"16662U","CSWR","02","02","N","N","N","B","B","B","S","N","N","N","N","N","N","N","N","N","N","N","N","N","N","N","N","N","N","N","N"
"6","SLAD",16663,"16663U","SLAD","02","02","N","N","N","B","B","B","B","B","N","N","N","N","N","N","N","N","N","N","N","N","N","N","N","N","N","N","N"
"6","QUAN",16664,"16664S","AMMO","03","03","N","N","N","B","B","B","B","B","B","B","B","B","B","B","N","B","B","B","N","B","B","N","B","B","N","N","N"
"6","QUAN",16665,"16665U","NEWB","03","03","N","N","N","B","B","B","B","B","B","B","B","B","B","B","N","B","B","B","N","N","N","N","N","N","N","N","N"
"6","QUAN",16666,"16664S","HOTP","03","03","N","N","N","B","B","N","N","N","N","N","N","N","N","N","N","N","N","N","N","N","N","N","N","N","N","N","N"
"6","DIVI",16667,"16667S","BEAR","03","03","N","N","B","B","B","B","B","B","B","B","B","B","B","B","B","B","B","B","B","B","B","N","N","N","N","N","N"
"6","DIVI",16668,"16667S","RAIL","03","05","N","N","X","N","N","N","N","N","N","N","N","N","N","N","N","N","N","N","N","N","N","N","N","N","N","N","N"
"6","JEFF",16669,"16669U","AR64","03","03","N","N","N","N","B","B","B","B","B","B","B","N","B","B","B","B","B","N","N","N","N","N","N","N","N","N","N"
"6","MIMA",16670,"16670U","MIMA","02","02","N","N","N","N","B","N","N","N","N","N","N","N","N","N","N","N","N","N","N","N","N","N","N","N","N","N","N"
"6","HANE",16671,"16671U","HANE","02","02","N","N","N","N","B","B","B","B","B","N","N","B","B","B","B","B","B","N","N","N","N","N","N","N","N","N","N"
"6","FERN",16672,"16672U","FERN","02","02","N","N","N","N","B","B","B","B","B","B","B","B","B","B","B","B","B","B","B","B","N","N","N","N","N","N","N"
"6","PEDE",16673,"16673U","PEDE","02","02","N","N","N","N","B","B","S","B","B","B","B","N","N","N","N","N","N","N","N","N","N","N","N","N","N","N","N"
"6","ROHO",16674,"16674U","ROHO","03","03","N","N","N","N","B","B","B","B","B","B","B","B","N","N","N","N","N","N","N","N","N","N","N","N","N","N","N"
"6","QUAN",16676,"16676S","LOGC","03","03","N","N","N","N","N","B","B","B","B","B","B","B","B","B","N","B","B","N","N","N","N","N","N","N","N","N","N"
"6","DILL",16677,"16677U","DILL","02","02","N","N","N","N","N","B","N","N","N","N","N","N","N","N","N","N","N","N","N","N","N","N","N","N","N","N","N"
"6","RADN",16678,"16678U","RADN","03","03","N","N","N","N","N","B","B","B","B","B","B","B","B","B","B","N","N","N","N","N","N","N","N","N","N","N","N"
"6","HOLL",16679,"16679U","HOLL","02","02","N","N","N","N","N","B","B","B","B","B","B","B","B","B","B","B","B","B","B","B","N","N","N","N","N","N","N"
"6","WNWR",16680,"16680U","WHSP","03","04","N","N","N","N","N","B","B","S","N","N","N","N","N","N","N","N","N","N","N","N","N","N","N","N","N","N","N"
"6","RIVE",16681,"16681U","RIVE","03","02","N","B","N","B","B","B","N","N","N","N","N","N","N","N","N","N","N","N","N","N","N","N","N","N","N","N","N"
"6","IVYK",16682,"16682U","IVYK","03","03","N","N","N","N","B","N","N","N","N","N","N","N","N","N","N","N","N","N","N","N","N","N","N","N","N","N","N"
"6","PALI",16683,"16683U","PALI","03","03","N","N","N","N","N","S","N","N","N","N","N","N","N","N","N","N","N","N","N","N","N","N","N","N","N","N","N"
"6","BOWL",16684,"16684U","BOWL","03","03","N","N","N","N","N","N","B","B","B","B","B","B","B","B","B","S","S","B","B","N","N","N","N","N","N","N","N"
"6","WEST",16686,"16686U","WEST","03","03","N","N","N","N","N","N","B","B","B","B","B","N","N","N","N","N","N","N","N","N","N","N","N","N","N","N","N"
"6","PILO",16687,"16687S","PILO","03","03","N","N","N","N","N","N","B","N","N","N","N","N","N","N","N","N","N","N","N","N","N","N","N","N","N","N","N"
"6","AAFB",16688,"16688U","SPCR","03","03","N","N","N","N","N","N","N","B","B","B","B","B","B","B","B","B","B","B","B","B","N","N","N","N","N","N","N"
"6","CFWR",16689,"16689U","CFWR","03","03","N","N","N","N","N","N","N","B","B","B","B","B","B","N","N","N","N","N","N","N","N","N","N","N","N","N","N"
"6","WASS",16690,"16690U","WASS","02","02","N","N","N","N","N","N","N","B","B","B","B","B","B","B","B","S","B","N","N","N","N","N","N","N","N","N","N"
"6","SIBO",16691,"16691U","SIBO","03","03","N","N","N","N","N","N","N","B","B","B","B","B","N","N","N","N","N","N","N","N","N","N","N","N","N","N","N"
"6","PILO",16692,"16687S","SAGE","03","03","N","N","N","N","N","N","N","B","B","B","N","N","N","N","N","N","N","N","N","N","N","N","N","N","N","N","N"
"6","JCRF",16693,"16693U","WOLA","03","03","N","N","N","N","N","N","N","B","B","B","N","N","N","N","N","N","N","N","N","N","N","N","N","N","N","N","N"
"6","JCRF",16694,"16694U","FNWR","03","03","N","N","N","N","N","N","N","B","B","B","N","N","N","N","N","N","N","N","N","N","N","N","N","N","N","N","N"
"6","DODA",16695,"16695U","DODA","02","02","N","N","N","N","N","N","N","N","N","B","B","B","B","N","N","N","N","N","N","N","N","N","N","N","N","N","N"
"6","POIN",16696,"16696U","POIN","02","02","N","N","N","N","N","N","N","N","N","B","N","N","N","N","N","B","B","B","B","B","B","B","B","B","B","N","N"
"6","FOST",16697,"16697U","FSA7","02","02","N","N","N","N","N","N","N","B","B","B","B","N","N","N","N","N","N","N","N","N","N","N","N","N","N","N","N"
"6","ICHA",16699,"16699U","ICHA","02","02","N","N","N","N","N","N","N","N","N","B","B","B","B","B","B","B","B","B","B","N","N","N","N","N","N","N","N"
"6","HWLC",16700,"16700U","RMTR","02","02","N","N","N","N","N","N","N","N","B","B","B","B","B","B","B","B","B","B","N","B","N","N","N","N","N","N","N"
"6","CLEM",16703,"16703U","CEFA","03","03","N","N","N","N","N","N","N","N","N","N","B","N","N","N","N","N","N","N","N","N","N","N","N","N","N","N","N"
"6","NCWC",16704,"16704U","NCWC","03","03","N","N","N","N","N","N","N","N","N","B","B","B","B","B","B","N","N","N","N","N","N","N","N","N","N","N","N"
"6","FOXF",16705,"16705U","FOXF","02","02","N","N","N","N","N","N","N","N","N","B","B","B","B","B","B","B","B","N","B","B","N","N","N","N","N","N","N"
"6","BRAG",16706,"16706U","SAHI","02","03","N","N","N","N","N","N","N","N","N","N","N","B","B","B","B","B","B","B","N","N","N","N","N","N","N","N","N"
"6","SPAL",16707,"16707U","SPAL","02","02","N","N","N","N","N","N","N","N","N","B","B","B","B","B","B","B","B","N","N","N","N","N","N","N","N","N","N"
"6","CLKR",16708,"16708U","CLK1","03","03","N","N","N","N","N","N","N","N","N","N","N","B","B","B","B","B","B","B","B","B","B","B","B","B","B","B","B"
"6","BSFH",16709,"16709U","BSFH","02","02","N","N","N","N","N","N","N","N","N","N","N","B","B","B","N","N","N","N","N","N","N","N","N","N","N","N","N"
"6","FMNF",16710,"16710U","TIBW","02","02","N","N","N","N","N","N","N","N","N","N","N","X","B","B","N","N","N","N","N","N","N","N","N","N","N","N","N"
"6","POWA",16711,"16711U","POWA","03","03","N","N","N","N","N","N","N","N","N","N","N","B","B","B","B","B","B","B","B","B","B","B","B","B","N","N","N"
"6","JEFF",16712,"16625S","AR03","03","03","N","N","N","N","N","N","N","N","N","N","N","N","B","B","B","B","B","N","N","B","B","B","B","N","N","N","N"
"6","KNOX",16713,"16713U","COWL","03","03","N","N","N","N","N","N","N","N","N","N","N","N","B","B","B","B","B","N","N","N","N","N","N","N","N","N","N"
"6","NABR",16714,"16714U","LHBR","03","03","N","N","N","N","N","N","N","N","N","N","N","B","B","B","B","B","B","B","B","B","N","N","N","N","N","N","N"
"6","MACA",16715,"16715U","DEFE","03","03","N","N","N","N","N","N","N","N","N","N","N","N","B","B","B","B","B","B","B","B","B","B","B","B","B","B","B"
"6","LOBR",16716,"16716U","LOBR","03","03","N","N","N","N","N","N","N","N","N","N","N","N","B","N","N","N","N","N","N","N","N","N","N","N","N","N","N"
"6","JEFF",16717,"16717U","AR46","03","03","N","N","N","N","N","N","N","N","N","N","N","N","N","B","B","S","B","N","N","N","N","N","N","N","N","N","N"
"6","KNOX",16718,"16718U","ORLA","03","03","N","N","N","N","N","N","N","N","N","N","N","N","N","B","B","B","B","N","N","N","N","N","N","N","N","N","N"
"5","ESAA",16719,"16719U","CLFM","03","03","N","N","N","N","N","N","N","N","N","N","N","N","B","B","B","B","B","B","B","B","B","B","B","B","B","B","B"
"6","NCPR",16720,"16720U","ENRI","03","02","N","N","N","N","N","N","N","N","N","N","N","N","B","B","B","B","B","B","B","N","N","N","N","N","N","N","N"
"6","BANC",16721,"16721U","BANC","03","03","N","N","N","N","N","N","N","N","N","N","N","B","N","B","B","B","B","B","B","B","B","B","B","B","B","N","B"
"5","SIWR",16722,"16722U","BARN","03","03","N","N","N","N","N","N","N","N","N","N","N","N","N","B","B","B","N","N","N","N","N","N","N","N","N","N","N"
"6","GPNS",16723,"16723U","GPNS","03","03","N","N","N","N","N","N","N","N","N","N","N","N","N","B","B","N","N","N","N","N","N","N","N","N","N","N","N"
"6","HILL",16724,"16724U","FOBS","03","03","N","N","N","N","N","N","N","N","N","N","N","N","N","B","B","B","B","N","N","N","N","N","N","N","N","N","N"
"6","CLEM",16725,"16725U","CEFB","03","03","N","N","N","N","N","N","N","N","N","N","N","B","B","N","N","N","N","N","N","N","N","N","N","N","N","N","N"
"6","WAJE",16726,"16726U","WAJE","02","03","N","N","N","N","N","N","N","N","N","N","N","N","N","B","B","B","N","N","N","N","N","N","N","N","N","N","N"
"6","MIDW",16727,"16727U","WEHL","02","02","N","N","N","N","N","N","N","N","N","N","N","N","N","N","X","B","B","B","B","B","B","B","B","B","B","B","B"
"6","PRWM",16728,"16728U","HISW","02","02","N","N","N","N","N","N","N","N","N","N","N","N","N","B","B","B","B","B","B","B","B","B","B","B","B","C","N"
"6","KNOX",16729,"16729U","GAPI","03","03","N","N","N","N","N","N","N","N","N","N","N","N","N","N","N","B","B","N","N","N","N","N","N","N","N","N","N"
"6","MUIS",16730,"16730U","JOKU","02","02","N","N","N","N","N","N","N","N","N","N","N","N","N","N","N","B","B","B","B","B","B","B","B","B","B","N","N"
"6","CONG",16731,"16731U","CON2","02","02","N","N","N","N","N","N","N","N","N","N","N","N","N","I","I","B","B","B","B","B","B","N","N","N","N","N","N"
"6","PULS",16732,"16732U","PULS","02","02","N","N","N","N","N","N","N","N","N","N","N","N","N","N","N","N","B","B","B","B","B","B","B","B","X","B","N"
"6","VNMP",16733,"16733U","VICK","02","01","N","N","N","N","N","N","N","N","N","N","N","N","N","N","N","N","N","B","B","B","B","N","N","N","N","N","N"
"6","CBOP",16734,"16734U","CBOP","02","02","N","N","N","N","N","N","N","N","N","N","N","N","N","N","N","N","N","B","B","B","B","B","B","B","B","N","N"
"6","SKVI",16735,"16735U","SKVI","03","03","N","N","N","N","N","N","N","N","N","N","N","N","N","N","N","N","N","B","B","B","B","B","B","B","B","B","B"
"6","FTJK",16736,"16736U","FTJK","02","02","N","N","N","N","N","N","N","N","N","N","N","N","N","N","N","N","N","B","B","B","B","B","B","B","B","N","B"
"6","HOOS",16737,"16737U","MRTN","03","03","N","N","N","N","N","N","N","N","N","N","N","N","N","N","N","N","N","N","N","B","B","B","B","N","N","N","N"
"6","HOOS",16738,"16738U","MSTP","03","03","N","N","N","N","N","N","N","N","N","N","N","N","N","N","N","N","N","N","N","B","B","B","B","N","N","N","N"
"6","HOOS",16739,"16739U","MCRI","03","03","N","N","N","N","N","N","N","N","N","N","N","N","N","N","N","N","N","N","N","B","B","B","B","N","N","N","N"
"6","HOOS",16740,"16740U","MRTS","03","03","N","N","N","N","N","N","N","N","N","N","N","N","N","N","N","N","N","N","N","B","B","B","B","N","N","N","N"
"6","HOOS",16741,"16741U","OWEN","03","03","N","N","N","N","N","N","N","N","N","N","N","N","N","N","N","N","N","N","N","B","B","B","B","N","N","N","N"
"6","HOOS",16742,"16742U","SPMI","03","03","N","N","N","N","N","N","N","N","N","N","N","N","N","N","N","N","N","N","N","B","B","B","B","N","N","N","N"
"6","CRAN",16743,"16743U","SYCA","03","04","N","N","N","N","N","N","N","N","N","N","N","N","N","N","N","N","N","N","N","B","B","B","B","N","N","N","N"
"6","MUIS",16744,"16744U","PANO","02","02","N","N","N","N","N","N","N","N","N","N","N","N","N","N","N","X","N","B","B","B","B","B","B","B","B","B","B"
"6","JEFF",16745,"16745U","AR41","03","03","N","N","N","N","N","N","N","N","N","N","N","N","N","N","N","N","N","N","N","B","B","B","B","N","N","N","N"
"6","JEFF",16746,"16746U","AR58","03","03","N","N","N","N","N","N","N","N","N","N","N","N","N","N","N","N","N","N","N","B","B","B","B","N","N","N","N"
"6","JEFF",16747,"16621S","A27A","03","03","N","N","N","N","N","N","N","N","N","N","N","N","N","N","N","N","N","N","N","B","B","B","B","N","N","N","N"
"6","NWRK",16748,"16748U","NWRK","03","03","N","N","N","N","N","N","N","N","N","N","N","N","N","N","N","N","N","N","N","B","B","B","B","B","B","B","B"
"6","BECO",16749,"16749U","BECO","02","02","N","N","N","N","N","N","N","N","N","N","N","N","N","N","N","N","N","N","N","B","B","B","B","B","B","X","B"
"6","SHFA",16750,"16750U","SHFA","03","03","N","N","N","N","N","N","N","N","N","N","N","N","N","N","N","N","N","N","N","B","N","N","N","N","N","N","N"
"6","GRSW",16751,"16751U","BOPI","02","02","N","N","N","N","N","N","N","N","N","N","N","N","N","N","N","N","N","N","N","B","B","B","N","N","N","N","N"
"6","QUAN",16752,"16676S","STOR","03","99","N","N","N","N","N","N","N","N","N","N","N","N","N","N","N","N","N","B","N","B","B","N","B","B","B","B","B"
"6","INHD",16753,"16619S","RUPT","03","03","N","N","N","N","N","N","N","N","N","N","N","N","N","N","N","N","N","N","N","B","B","B","B","B","B","N","B"
"6","INHD",16754,"16619S","WAWI","03","03","N","N","N","N","N","N","N","N","N","N","N","N","N","N","N","N","N","N","N","B","B","B","B","B","B","N","B"
"6","DGAP",16755,"16755U","DGAP","03","03","N","N","N","N","N","N","N","N","N","N","N","N","N","N","N","B","B","B","B","B","B","B","B","B","B","B","B"
"6","DAHL",16756,"16613S","NINE","03","03","N","N","N","N","N","N","N","N","N","N","N","N","N","N","N","N","N","N","N","N","B","B","B","B","B","N","B"
"6","SEAR",16757,"16757U","SEAR","03","03","N","N","N","N","N","N","N","N","N","N","N","N","N","N","N","N","N","N","N","N","N","N","N","B","B","N","N"
"6","BECO",16758,"16758U","BHOD","03","02","N","N","N","N","N","N","N","N","N","N","N","N","N","N","N","N","N","N","N","N","N","N","B","B","B","N","N"
"6","AWEA",16759,"16759U","TIBS","02","02","N","N","N","N","N","N","N","N","N","N","N","N","N","N","N","N","N","N","N","N","N","N","N","B","B","B","B"
"6","BRAG",16760,"CANEU","CANE","02","02","N","N","N","N","N","N","N","N","N","N","N","N","N","N","N","N","N","N","N","N","N","N","N","B","B","N","N"
"6","BRAG",16761,"HOLZU","HOLZ","02","02","N","N","N","N","N","N","N","N","N","N","N","N","N","N","N","N","N","N","N","N","N","N","N","B","B","N","N"
"6","BRAG",16762,"POCRU","POCR","02","02","N","N","N","N","N","N","N","N","N","N","N","N","N","N","N","N","N","N","N","N","N","N","N","B","B","N","N"
"6","BRAG",16763,"SWFBU","SWFB","02","02","N","N","N","N","N","N","N","N","N","N","N","N","N","N","N","N","N","N","N","N","N","N","N","B","B","N","N"
"6","UOFM",16764,"16764U","MEEM","03","03","N","N","N","N","N","N","N","N","N","N","N","N","N","N","N","N","N","N","N","N","N","N","N","N","B","B","B"
"6","SPAC",16765,"16765U","SPAC","02","03","N","N","N","N","N","N","N","N","N","N","N","N","N","N","N","N","N","N","N","N","N","N","N","N","N","B","B"
"6","ASCB",16766,"16766U","ASCB","02","02","N","N","N","N","N","N","N","N","N","N","N","N","N","N","N","N","N","N","N","N","N","N","N","N","N","B","B"
"8","THCA",18804,"18804U","THCA","04","05","N","B","N","B","B","B","B","B","B","B","B","X","B","B","B","B","S","S","B","B","B","N","N","N","N","N","N"
"3","KFBS",13432,"13432U","KFBS","03","03","N","N","N","N","N","N","N","N","N","N","N","N","N","N","N","N","N","N","N","N","N","N","N","N","N","B","B"
"3","BRUK",13433,"13433U","BRUK","03","03","N","N","N","N","N","N","N","N","N","N","N","N","N","N","N","N","N","N","N","N","N","N","N","N","B","B","B"
"3","TUCR",13434,"13434U","WHPI","04","04","N","N","N","N","N","N","N","N","N","N","N","N","N","N","N","N","N","N","N","N","N","N","N","N","N","B","B"
"5","NRBO",15718,"15718U","WCBW","03","03","N","N","N","N","N","N","N","N","N","N","N","N","N","N","N","N","N","N","N","N","N","N","N","N","N","B","B"
"6","DFHC",16767,"16767U","DFME","03","03","N","N","N","N","N","N","N","N","N","N","N","N","N","N","N","N","N","N","N","N","N","N","N","N","X","B","B"
"6","PWRC",16768,"16768U","HANC","03","03","N","N","N","N","N","N","N","N","N","N","N","N","N","N","N","N","N","N","N","N","N","N","N","N","N","B","B"
"4","HWTM",14552,"14552U","HWTM","03",,"N","N","N","N","N","N","N","N","N","N","N","N","N","N","N","N","N","N","N","N","N","N","N","N","N","B","B"
"5","DEWA",15719,"15719U","FTRD","04","03","N","N","N","N","N","N","N","N","N","N","N","N","N","N","N","N","N","N","N","N","N","N","N","N","N","B","B"
"5","CUTL",15720,"15720U","NAVL","04",,"N","N","N","N","N","N","N","N","N","N","N","N","N","N","N","N","N","N","N","N","N","N","N","B","B","B","B"
"3","HWRC",13435,"13435U","HWRC","04",,"N","N","N","N","N","N","N","N","N","N","N","N","N","N","N","N","N","N","N","N","N","N","N","N","N","N","B"
"4","FTPO",14553,"14553U","BCLR","02",,"N","N","N","N","N","N","N","N","N","N","N","N","N","N","N","N","N","N","N","N","N","N","N","N","N","N","B"
"5","MDSF",15721,"15721U","FARM","04",,"N","N","N","N","N","N","N","N","N","N","N","N","N","N","N","N","N","N","N","N","N","N","N","N","N","N","B"
"5","CIES",15722,"15722U","NLOW","04",,"N","N","N","N","N","N","N","N","N","N","N","N","N","N","N","N","N","N","N","N","N","N","N","N","N","N","B"
"6","FLPO",16769,"16769U","FLPO","03","03","N","N","N","N","N","N","N","N","N","N","N","N","N","N","N","N","N","N","N","N","N","B","N","B","B","N","N"
"6","WARD",16770,"16770U","WARD","03","03","N","N","N","N","N","N","N","N","N","N","N","N","N","N","N","N","N","N","N","N","N","N","N","N","N","B","B"
"3","BGVL",13436,"13436U","BGVL","05",,"N","N","N","N","N","N","N","N","N","N","N","N","N","N","N","N","N","N","N","N","N","N","N","N","N","N","B"
"5","PINF",15723,"15723U","TNCA","03","03","N","N","N","N","N","N","N","N","N","N","N","N","N","N","N","N","N","N","N","N","N","N","N","N","N","N","X"
"5","HSB1",15724,"15724U","TUTI","04",,"N","N","N","N","N","N","N","N","N","N","N","N","N","N","N","N","N","N","N","N","N","N","N","N","N","B","B"
"5","UNCO",15725,"15725U","UNCO","04","04","N","N","N","N","N","N","N","N","N","N","N","N","N","N","N","N","N","N","N","N","N","N","N","N","B","B","B"
"5","NPNY",15726,"15726U","MHBF","04","04","N","N","N","N","N","N","N","N","N","N","N","N","N","N","N","N","N","N","N","N","N","N","N","N","B","B","B"
"5","NPNY",15727,"15727U","NPCF","04","04","N","N","N","N","N","N","N","N","N","N","N","N","N","N","N","N","N","N","N","N","N","N","N","N","B","B","B"
"3","SUGL",13437,"13437U","SUGL","04",,"N","N","N","N","N","N","N","N","N","N","N","N","N","N","N","N","N","N","N","N","N","N","N","N","N","N","B"
"5","FORI",15729,"15729U","FORI","04",,"N","N","N","N","N","N","N","N","N","N","N","N","N","N","N","N","N","N","N","N","N","N","N","N","X","B","B"
"3","EKWS",13438,"13438U","EKWS","04","04","N","N","N","N","N","N","N","N","N","N","N","N","N","N","N","N","N","N","N","N","N","N","N","N","B","B","B"
"5","FKSI",15730,"15730U","FKSI","03",,"N","N","N","N","N","N","N","N","N","N","N","N","N","N","N","N","N","N","N","N","N","N","N","N","B","B","I"
"5","ALFR",15732,"15732U","FSTR","04",,"N","N","N","N","N","N","N","N","N","N","N","N","N","N","N","N","N","N","N","N","N","N","N","N","N","N","S"
