"year","mean_temp","mean_precip","site"
1980,19.0073913043478,3.35728260869565,"L29707731"
1981,19.3263043478261,3.55684782608696,"L29707731"
1982,19.8339673913043,3.58282608695652,"L29707731"
1983,18.7264130434783,2.83260869565217,"L29707731"
1984,18.9926086956522,3.18130434782609,"L29707731"
1985,19.4673369565217,3.37836956521739,"L29707731"
1986,20.1621195652174,2.78478260869565,"L29707731"
1987,20.8677717391304,1.81,"L29707731"
1988,18.9110869565217,2.55054347826087,"L29707731"
1989,18.7736956521739,4.73195652173913,"L29707731"
1990,19.2367391304348,3.10336956521739,"L29707731"
1991,20.7098913043478,2.67315217391304,"L29707731"
1992,18.1132065217391,4.57369565217391,"L29707731"
1993,20.1840217391304,2.93684782608696,"L29707731"
1994,19.173097826087,2.84260869565217,"L29707731"
1995,19.2566304347826,4.325,"L29707731"
1996,19.1446739130435,4.01336956521739,"L29707731"
1997,17.7824456521739,2.76576086956522,"L29707731"
1998,20.0161956521739,3.48195652173913,"L29707731"
1999,19.550652173913,2.7375,"L29707731"
2000,19.5601086956522,3.24565217391304,"L29707731"
2001,18.740652173913,4.83445652173913,"L29707731"
2002,19.4491847826087,3.33054347826087,"L29707731"
2003,18.4363043478261,6.0645652173913,"L29707731"
2004,19.9875,4.12032608695652,"L29707731"
2005,19.1692391304348,3.265,"L29707731"
2006,18.779347826087,4.46184782608696,"L29707731"
2007,19.6190217391304,2.45489130434783,"L29707731"
2008,18.9628260869565,2.70945652173913,"L29707731"
2009,19.1111956521739,5.64576086956522,"L29707731"
2010,21.0963043478261,2.85630434782609,"L29707731"
2011,20.4601086956522,4.11923913043478,"L29707731"
2012,20.3159239130435,2.67445652173913,"L29707731"
2013,19.0579347826087,5.9045652173913,"L29707731"
2014,19.700597826087,2.2075,"L29707731"
2015,20.66125,3.02521739130435,"L29707731"
2016,19.643152173913,3.5975,"L29707731"
2017,19.3460869565217,3.95119565217391,"L29707731"
2018,20.8165760869565,3.19804347826087,"L29707731"
2019,20.4751630434783,3.35054347826087,"L29707731"
2020,18.9616304347826,4.20304347826087,"L29707731"
2021,19.2463586956522,3.2604347826087,"L29707731"
2022,20.2325,3.78815217391304,"L29707731"
2023,18.3216847826087,3.40423913043478,"L29707731"
2024,20.2846739130435,3.44902173913043,"L29707731"
1980,22.9221739130435,2.24934782608696,"L31739760"
1981,22.5453804347826,3.53239130434783,"L31739760"
1982,22.9189673913043,3.48260869565217,"L31739760"
1983,21.9178804347826,3.135,"L31739760"
1984,21.3477717391304,6.21510869565217,"L31739760"
1985,22.1865760869565,3.57380434782609,"L31739760"
1986,23.4984239130435,2.1604347826087,"L31739760"
1987,23.6030434782609,2.75489130434783,"L31739760"
1988,21.9313043478261,2.49630434782609,"L31739760"
1989,21.0554891304348,6.67565217391304,"L31739760"
1990,21.8470652173913,3.67391304347826,"L31739760"
1991,23.3549456521739,3.62663043478261,"L31739760"
1992,20.938152173913,3.75880434782609,"L31739760"
1993,22.8063043478261,2.41521739130435,"L31739760"
1994,21.3275,3.89641304347826,"L31739760"
1995,22.2041304347826,3.50902173913043,"L31739760"
1996,22.1614130434783,4.1920652173913,"L31739760"
1997,20.9967391304348,4.96423913043478,"L31739760"
1998,23.4457065217391,5.11554347826087,"L31739760"
1999,22.5886413043478,5.75619565217391,"L31739760"
2000,22.5682065217391,3.3029347826087,"L31739760"
2001,22.2021195652174,4.01228260869565,"L31739760"
2002,22.5677173913043,2.76032608695652,"L31739760"
2003,21.6128260869565,7.51152173913044,"L31739760"
2004,22.7767934782609,4.20315217391304,"L31739760"
2005,21.9264673913043,4.21054347826087,"L31739760"
2006,22.4173369565217,2.37347826086957,"L31739760"
2007,22.6551630434783,3.14423913043478,"L31739760"
2008,22.1147282608696,2.96217391304348,"L31739760"
2009,22.1834239130435,5.56739130434783,"L31739760"
2010,24.0657608695652,5.58978260869565,"L31739760"
2011,23.2125543478261,3.13097826086957,"L31739760"
2012,23.7136956521739,4.20217391304348,"L31739760"
2013,21.8366304347826,6.30847826086957,"L31739760"
2014,22.0633695652174,4.02630434782609,"L31739760"
2015,23.17625,5.56304347826087,"L31739760"
2016,23.0167391304348,3.26619565217391,"L31739760"
2017,22.3124456521739,4.45771739130435,"L31739760"
2018,24.0154347826087,4.50282608695652,"L31739760"
2019,23.2361956521739,4.8625,"L31739760"
2020,22.2316847826087,3.28239130434783,"L31739760"
2021,22.1486956521739,3.59065217391304,"L31739760"
2022,23.8273913043478,3.59271739130435,"L31739760"
2023,21.8445652173913,4.80413043478261,"L31739760"
2024,23.6102717391304,3.88108695652174,"L31739760"
1980,23.8749456521739,3.74695652173913,"L30450151"
1981,23.5642934782609,2.7975,"L30450151"
1982,23.3192391304348,4.28576086956522,"L30450151"
1983,22.670597826087,2.66489130434783,"L30450151"
1984,22.5451086956522,4.80326086956522,"L30450151"
1985,22.9658695652174,4.73663043478261,"L30450151"
1986,24.6847282608696,2.48902173913043,"L30450151"
1987,24.1486956521739,4.18054347826087,"L30450151"
1988,22.976847826087,1.47326086956522,"L30450151"
1989,22.7882608695652,7.32858695652174,"L30450151"
1990,23.694402173913,2.32021739130435,"L30450151"
1991,23.8333152173913,6.4320652173913,"L30450151"
1992,22.2458695652174,3.10554347826087,"L30450151"
1993,24.2759782608696,3.3870652173913,"L30450151"
1994,22.8210869565217,6.59423913043478,"L30450151"
1995,24.0386413043478,3.08347826086957,"L30450151"
1996,24.0802173913043,2.13880434782609,"L30450151"
1997,21.7926086956522,4.78608695652174,"L30450151"
1998,25.140597826087,3.13086956521739,"L30450151"
1999,23.2354891304348,3.44173913043478,"L30450151"
2000,24.3444565217391,2.00934782608696,"L30450151"
2001,23.0073913043478,4.28945652173913,"L30450151"
2002,23.3891847826087,3.26032608695652,"L30450151"
2003,22.7984239130435,8.3170652173913,"L30450151"
2004,23.8842934782609,3.91565217391304,"L30450151"
2005,22.8166847826087,6.23989130434783,"L30450151"
2006,23.8960326086957,2.62836956521739,"L30450151"
2007,23.5877717391304,2.29304347826087,"L30450151"
2008,23.5625543478261,2.50902173913043,"L30450151"
2009,23.6878260869565,3.3295652173913,"L30450151"
2010,25.3136413043478,2.85597826086957,"L30450151"
2011,24.7421195652174,3.05141304347826,"L30450151"
2012,24.5810869565217,3.16445652173913,"L30450151"
2013,22.6705434782609,5.96217391304348,"L30450151"
2014,23.6403260869565,2.96271739130435,"L30450151"
2015,24.9278804347826,3.54076086956522,"L30450151"
2016,24.9833152173913,2.34130434782609,"L30450151"
2017,23.9497826086957,5.275,"L30450151"
2018,24.9478804347826,4.69521739130435,"L30450151"
2019,24.8054891304348,3.33130434782609,"L30450151"
2020,23.264347826087,3.64271739130435,"L30450151"
2021,23.3276630434783,6.0120652173913,"L30450151"
2022,25.1500543478261,3.9145652173913,"L30450151"
2023,23.570597826087,3.81347826086957,"L30450151"
2024,25.1216847826087,4.56510869565217,"L30450151"
1980,20.280597826087,2.65978260869565,"L31765396"
1981,20.5404347826087,4.31923913043478,"L31765396"
1982,19.7936956521739,4.00097826086956,"L31765396"
1983,20.1659782608696,3.04815217391304,"L31765396"
1984,19.7182608695652,6.29489130434783,"L31765396"
1985,19.7528804347826,4.94032608695652,"L31765396"
1986,20.6197282608696,2.73032608695652,"L31765396"
1987,20.7653804347826,3.59641304347826,"L31765396"
1988,20.4663043478261,6.01369565217391,"L31765396"
1989,19.9190217391304,6.64663043478261,"L31765396"
1990,19.7322826086957,5.19163043478261,"L31765396"
1991,21.3916304347826,3.2704347826087,"L31765396"
1992,18.451902173913,3.58,"L31765396"
1993,20.5697826086957,2.24,"L31765396"
1994,20.4938043478261,4.51489130434783,"L31765396"
1995,19.9571195652174,2.58565217391304,"L31765396"
1996,19.1348913043478,6.11913043478261,"L31765396"
1997,18.7704891304348,3.98391304347826,"L31765396"
1998,20.2547282608696,4.19423913043478,"L31765396"
1999,20.5538043478261,1.41967391304348,"L31765396"
2000,19.2763043478261,3.54978260869565,"L31765396"
2001,19.6217934782609,5.04641304347826,"L31765396"
2002,20.0603804347826,3.34836956521739,"L31765396"
2003,18.7334782608696,4.89315217391304,"L31765396"
2004,20.4111413043478,4.77217391304348,"L31765396"
2005,20.1077717391304,3.49532608695652,"L31765396"
2006,20.6315217391304,5.55076086956522,"L31765396"
2007,20.3229347826087,3.45304347826087,"L31765396"
2008,19.9997826086957,3.97619565217391,"L31765396"
2009,19.001902173913,6.1445652173913,"L31765396"
2010,21.8121195652174,2.97521739130435,"L31765396"
2011,21.4990760869565,2.9875,"L31765396"
2012,21.0965217391304,3.51,"L31765396"
2013,20.7130434782609,5.73847826086956,"L31765396"
2014,20.165,3.50619565217391,"L31765396"
2015,21.1179891304348,3.38326086956522,"L31765396"
2016,20.3821195652174,4.25771739130435,"L31765396"
2017,19.9879891304348,4.53934782608696,"L31765396"
2018,21.0977717391304,5.09858695652174,"L31765396"
2019,20.9324456521739,5.77347826086956,"L31765396"
2020,20.6636956521739,3.70423913043478,"L31765396"
2021,20.5692391304348,4.10532608695652,"L31765396"
2022,21.0289130434783,3.42836956521739,"L31765396"
2023,19.68625,3.61239130434783,"L31765396"
2024,21.7449456521739,2.56673913043478,"L31765396"
1980,23.3276086956522,3.22445652173913,"L29670832"
1981,23.4916847826087,3.95413043478261,"L29670832"
1982,23.7322282608696,5.16032608695652,"L29670832"
1983,23.1997826086957,1.63608695652174,"L29670832"
1984,22.7339130434783,5.51304347826087,"L29670832"
1985,23.1708152173913,4.32978260869565,"L29670832"
1986,25.0834239130435,1.33032608695652,"L29670832"
1987,24.5865217391304,1.99510869565217,"L29670832"
1988,22.8550543478261,2.83402173913043,"L29670832"
1989,22.944347826087,4.30576086956522,"L29670832"
1990,23.7442391304348,3.21619565217391,"L29670832"
1991,24.6609782608696,3.46923913043478,"L29670832"
1992,22.555,3.66782608695652,"L29670832"
1993,24.826847826087,1.60467391304348,"L29670832"
1994,23.2607065217391,3.87423913043478,"L29670832"
1995,23.4204347826087,4.62695652173913,"L29670832"
1996,23.7440217391304,2.93565217391304,"L29670832"
1997,22.279402173913,4.26673913043478,"L29670832"
1998,24.8967934782609,3.06369565217391,"L29670832"
1999,22.9132608695652,2.14576086956522,"L29670832"
2000,23.6328804347826,2.09217391304348,"L29670832"
2001,22.8077717391304,2.95086956521739,"L29670832"
2002,23.6841304347826,1.88173913043478,"L29670832"
2003,22.5014673913043,6.84391304347826,"L29670832"
2004,24.2346195652174,4.11489130434783,"L29670832"
2005,22.9469565217391,3.77815217391304,"L29670832"
2006,22.9610869565217,3.01782608695652,"L29670832"
2007,23.0546739130435,1.99554347826087,"L29670832"
2008,23.6197282608696,4.14315217391304,"L29670832"
2009,23.3304891304348,5.23478260869565,"L29670832"
2010,25.2132065217391,4.36684782608696,"L29670832"
2011,24.6409239130435,3.20326086956522,"L29670832"
2012,24.2438586956522,3.3295652173913,"L29670832"
2013,22.9086413043478,6.19608695652174,"L29670832"
2014,23.6117934782609,4.22565217391304,"L29670832"
2015,25.0772826086957,1.96076086956522,"L29670832"
2016,24.3611413043478,3.80358695652174,"L29670832"
2017,23.8202717391304,4.82641304347826,"L29670832"
2018,25.1865217391304,3.56326086956522,"L29670832"
2019,24.9438043478261,3.69619565217391,"L29670832"
2020,23.0159782608696,4.82967391304348,"L29670832"
2021,23.25625,3.29804347826087,"L29670832"
2022,24.3113043478261,3.9770652173913,"L29670832"
2023,22.3139673913043,3.71619565217391,"L29670832"
2024,24.2534239130435,4.145,"L29670832"
1980,21.1828260869565,2.33195652173913,"L28235242"
1981,20.2460326086957,3.60510869565217,"L28235242"
1982,21.1729891304348,4.19369565217391,"L28235242"
1983,19.9999456521739,4.45652173913043,"L28235242"
1984,19.8454347826087,6.72315217391304,"L28235242"
1985,20.251902173913,3.69847826086957,"L28235242"
1986,21.8565217391304,3.0095652173913,"L28235242"
1987,21.9101630434783,3.75304347826087,"L28235242"
1988,20.4728260869565,3.00836956521739,"L28235242"
1989,19.1744565217391,7.45782608695652,"L28235242"
1990,19.7870108695652,3.49891304347826,"L28235242"
1991,21.8953804347826,2.9445652173913,"L28235242"
1992,19.1760326086957,4.81586956521739,"L28235242"
1993,21.6554891304348,2.01282608695652,"L28235242"
1994,20.160652173913,4.91478260869565,"L28235242"
1995,20.648152173913,4.29054347826087,"L28235242"
1996,20.7669565217391,4.4495652173913,"L28235242"
1997,19.3119565217391,5.01021739130435,"L28235242"
1998,21.7592391304348,6.54445652173913,"L28235242"
1999,21.1984782608696,5.94097826086957,"L28235242"
2000,21.0224456521739,3.53728260869565,"L28235242"
2001,20.3191304347826,3.90869565217391,"L28235242"
2002,20.2063043478261,3.94891304347826,"L28235242"
2003,19.9425,7.71097826086956,"L28235242"
2004,20.9575,5.39826086956522,"L28235242"
2005,19.9955434782609,3.85630434782609,"L28235242"
2006,20.0928260869565,3.14630434782609,"L28235242"
2007,20.6921739130435,3.18173913043478,"L28235242"
2008,20.2014130434783,2.97054347826087,"L28235242"
2009,20.2642391304348,5.85641304347826,"L28235242"
2010,22.4291847826087,5.08315217391304,"L28235242"
2011,21.2829347826087,4.43967391304348,"L28235242"
2012,21.6292391304348,3.55173913043478,"L28235242"
2013,19.8503260869565,6.83217391304348,"L28235242"
2014,20.2175,3.71217391304348,"L28235242"
2015,21.7376630434783,5.14304347826087,"L28235242"
2016,21.1539130434783,4.23315217391304,"L28235242"
2017,20.4503260869565,4.25369565217391,"L28235242"
2018,22.1113586956522,4.62315217391304,"L28235242"
2019,21.2911413043478,5.08891304347826,"L28235242"
2020,20.2340217391304,3.69989130434783,"L28235242"
2021,20.1547826086957,5.03119565217391,"L28235242"
2022,21.910597826087,4.32804347826087,"L28235242"
2023,19.9566304347826,5.16065217391304,"L28235242"
2024,21.6183695652174,4.3575,"L28235242"
1980,24.8489130434783,2.9875,"L34201669"
1981,24.2582608695652,3.02967391304348,"L34201669"
1982,24.1466304347826,3.91760869565217,"L34201669"
1983,23.3061413043478,6.12597826086956,"L34201669"
1984,23.6450543478261,3.84217391304348,"L34201669"
1985,23.9967391304348,3.33858695652174,"L34201669"
1986,25.3492934782609,3.78010869565217,"L34201669"
1987,25.0091304347826,3.19489130434783,"L34201669"
1988,23.6903260869565,1.47130434782609,"L34201669"
1989,23.1836413043478,5.70326086956522,"L34201669"
1990,23.7492934782609,3.33326086956522,"L34201669"
1991,24.9153260869565,7.68880434782609,"L34201669"
1992,23.101847826087,3.85239130434783,"L34201669"
1993,24.3196195652174,2.88804347826087,"L34201669"
1994,23.4191304347826,5.50184782608696,"L34201669"
1995,24.0860869565217,3.22021739130435,"L34201669"
1996,24.5673369565217,3.69054347826087,"L34201669"
1997,22.9622282608696,6.92728260869565,"L34201669"
1998,25.880597826087,3.54108695652174,"L34201669"
1999,24.4861956521739,4.42902173913043,"L34201669"
2000,24.9339673913043,1.96597826086957,"L34201669"
2001,24.0672826086957,3.45282608695652,"L34201669"
2002,24.0242934782609,4.39717391304348,"L34201669"
2003,23.4700543478261,5.89097826086957,"L34201669"
2004,24.1525543478261,5.1345652173913,"L34201669"
2005,23.6333695652174,4.03760869565217,"L34201669"
2006,24.811902173913,2.31826086956522,"L34201669"
2007,24.6478260869565,3.23565217391304,"L34201669"
2008,24.2265217391304,3.42358695652174,"L34201669"
2009,24.0513043478261,5.15467391304348,"L34201669"
2010,25.8463586956522,5.1725,"L34201669"
2011,25.1280434782609,2.97771739130435,"L34201669"
2012,24.8410326086957,3.70967391304348,"L34201669"
2013,23.2988043478261,3.34510869565217,"L34201669"
2014,23.2365760869565,5.31597826086957,"L34201669"
2015,24.5803804347826,5.26163043478261,"L34201669"
2016,24.8298369565217,2.71630434782609,"L34201669"
2017,24.0207608695652,4.33673913043478,"L34201669"
2018,25.919347826087,5.17695652173913,"L34201669"
2019,24.8972826086957,5.5025,"L34201669"
2020,24.0592934782609,4.31586956521739,"L34201669"
2021,23.9116304347826,6.79423913043478,"L34201669"
2022,26.1227717391304,3.08021739130435,"L34201669"
2023,24.798097826087,4.2495652173913,"L34201669"
2024,25.7132608695652,4.56260869565217,"L34201669"
1980,18.663097826087,3.36239130434783,"L30634438"
1981,18.8244565217391,2.55913043478261,"L30634438"
1982,19.6709239130435,3.14434782608696,"L30634438"
1983,18.8609782608696,3.8695652173913,"L30634438"
1984,18.7447282608696,1.72010869565217,"L30634438"
1985,18.8590760869565,2.50434782608696,"L30634438"
1986,19.6596195652174,2.19869565217391,"L30634438"
1987,21.1313586956522,3.57891304347826,"L30634438"
1988,20.7333152173913,1.35576086956522,"L30634438"
1989,18.9463586956522,3.03630434782609,"L30634438"
1990,18.675,3.37228260869565,"L30634438"
1991,21.4982065217391,2.54380434782609,"L30634438"
1992,17.7203804347826,2.91717391304348,"L30634438"
1993,19.5559782608696,2.4254347826087,"L30634438"
1994,19.1960326086957,2.63978260869565,"L30634438"
1995,19.8926630434783,2.12934782608696,"L30634438"
1996,18.4999456521739,2.8954347826087,"L30634438"
1997,17.95875,3.42532608695652,"L30634438"
1998,20.6290760869565,2.21967391304348,"L30634438"
1999,20.92875,3.39608695652174,"L30634438"
2000,19.0915217391304,4.48630434782609,"L30634438"
2001,19.5703804347826,2.22423913043478,"L30634438"
2002,19.264347826087,2.16260869565217,"L30634438"
2003,18.1889673913043,2.83684782608696,"L30634438"
2004,18.875597826087,4.21902173913043,"L30634438"
2005,19.8997826086957,2.29141304347826,"L30634438"
2006,19.959347826087,3.22282608695652,"L30634438"
2007,19.985597826087,2.1745652173913,"L30634438"
2008,18.5791847826087,3.3670652173913,"L30634438"
2009,18.0344565217391,2.53760869565217,"L30634438"
2010,20.6364673913043,4.43239130434783,"L30634438"
2011,20.4625,3.57141304347826,"L30634438"
2012,21.2842391304348,2.04880434782609,"L30634438"
2013,19.7129891304348,3.69597826086957,"L30634438"
2014,18.7665217391304,3.30597826086957,"L30634438"
2015,19.2855434782609,3.66695652173913,"L30634438"
2016,19.7286413043478,1.9995652173913,"L30634438"
2017,19.1760326086957,2.28652173913043,"L30634438"
2018,20.6988586956522,3.55347826086957,"L30634438"
2019,19.1073369565217,3.22521739130435,"L30634438"
2020,19.8926086956522,2.7495652173913,"L30634438"
2021,19.9189673913043,4.8045652173913,"L30634438"
2022,20.5652173913043,2.43163043478261,"L30634438"
2023,19.1685869565217,2.4554347826087,"L30634438"
2024,20.7111413043478,3.65989130434783,"L30634438"
1980,19.4577717391304,3.4579347826087,"L31324382"
1981,19.661847826087,3.7979347826087,"L31324382"
1982,19.3135869565217,4.7404347826087,"L31324382"
1983,19.3039673913043,2.9820652173913,"L31324382"
1984,18.8497826086957,6.43923913043478,"L31324382"
1985,19.2058695652174,4.58673913043478,"L31324382"
1986,20.2807608695652,2.49369565217391,"L31324382"
1987,20.6298369565217,2.93304347826087,"L31324382"
1988,19.989347826087,5.11163043478261,"L31324382"
1989,19.1372282608696,7.30369565217391,"L31324382"
1990,18.9602717391304,4.17076086956522,"L31324382"
1991,21.0665217391304,3.03217391304348,"L31324382"
1992,17.9375,3.8320652173913,"L31324382"
1993,20.3002173913043,2.45423913043478,"L31324382"
1994,19.9158152173913,4.25326086956522,"L31324382"
1995,20.0472282608696,3.27021739130435,"L31324382"
1996,19.0991847826087,5.04554347826087,"L31324382"
1997,18.851847826087,2.84576086956522,"L31324382"
1998,20.3609239130435,4.1404347826087,"L31324382"
1999,20.8692934782609,1.18108695652174,"L31324382"
2000,19.4822282608696,3.53076086956522,"L31324382"
2001,19.6310326086957,3.5020652173913,"L31324382"
2002,20.1651630434783,3.40152173913043,"L31324382"
2003,18.8386956521739,5.10402173913043,"L31324382"
2004,20.513152173913,5.35326086956522,"L31324382"
2005,20.1696195652174,3.12989130434783,"L31324382"
2006,20.6811956521739,4.93304347826087,"L31324382"
2007,20.4355434782609,3.78880434782609,"L31324382"
2008,19.7433152173913,3.76434782608696,"L31324382"
2009,19.163152173913,4.48728260869565,"L31324382"
2010,21.6545108695652,4.14630434782609,"L31324382"
2011,21.7495108695652,2.86760869565217,"L31324382"
2012,21.3542934782609,3.70434782608696,"L31324382"
2013,20.70125,5.27347826086956,"L31324382"
2014,20.0115217391304,4.65771739130435,"L31324382"
2015,21.1570108695652,4.31239130434783,"L31324382"
2016,20.3422282608696,3.68315217391304,"L31324382"
2017,20.0982065217391,5.22521739130435,"L31324382"
2018,20.9552173913043,5.1695652173913,"L31324382"
2019,21.0180434782609,6.41173913043478,"L31324382"
2020,20.4640760869565,3.76913043478261,"L31324382"
2021,20.4314130434783,3.87326086956522,"L31324382"
2022,20.9092391304348,4.40586956521739,"L31324382"
2023,19.6088586956522,2.99847826086957,"L31324382"
2024,21.7953260869565,3.31739130434783,"L31324382"
1980,22.2648913043478,2.9479347826087,"L31769819"
1981,22.6860326086957,3.31282608695652,"L31769819"
1982,22.8172282608696,3.94826086956522,"L31769819"
1983,22.0264130434783,2.24086956521739,"L31769819"
1984,21.733152173913,4.6454347826087,"L31769819"
1985,22.2482608695652,3.8425,"L31769819"
1986,23.6890217391304,1.32326086956522,"L31769819"
1987,23.6063586956522,2.81282608695652,"L31769819"
1988,21.8623913043478,3.01413043478261,"L31769819"
1989,21.9022282608696,5.49304347826087,"L31769819"
1990,22.545597826087,3.4379347826087,"L31769819"
1991,23.541902173913,2.76217391304348,"L31769819"
1992,21.0760869565217,3.47532608695652,"L31769819"
1993,23.2746195652174,2.50282608695652,"L31769819"
1994,21.9751630434783,3.95130434782609,"L31769819"
1995,22.2332608695652,5.32815217391304,"L31769819"
1996,22.3311413043478,2.95413043478261,"L31769819"
1997,20.8967934782609,2.61032608695652,"L31769819"
1998,23.2827717391304,2.90826086956522,"L31769819"
1999,22.3010326086957,2.89673913043478,"L31769819"
2000,22.7360326086957,2.52076086956522,"L31769819"
2001,21.9748913043478,2.87065217391304,"L31769819"
2002,22.7917934782609,2.87576086956522,"L31769819"
2003,21.5779891304348,5.59130434782609,"L31769819"
2004,23.4533695652174,2.94402173913043,"L31769819"
2005,22.3157608695652,3.64434782608696,"L31769819"
2006,22.1132608695652,5.08771739130435,"L31769819"
2007,22.4167934782609,2.06239130434783,"L31769819"
2008,22.7023369565217,2.22402173913043,"L31769819"
2009,22.4736956521739,3.76336956521739,"L31769819"
2010,24.31,3.84945652173913,"L31769819"
2011,23.7025,3.66760869565217,"L31769819"
2012,23.4539673913043,3.31326086956522,"L31769819"
2013,22.2404891304348,4.46021739130435,"L31769819"
2014,22.9190760869565,3.10184782608696,"L31769819"
2015,23.9966847826087,2.76369565217391,"L31769819"
2016,23.1735326086957,4.2404347826087,"L31769819"
2017,22.9073913043478,4.53032608695652,"L31769819"
2018,24.4040760869565,3.475,"L31769819"
2019,24.0267391304348,4.43891304347826,"L31769819"
2020,22.0895652173913,5.32673913043478,"L31769819"
2021,22.3425543478261,3.24076086956522,"L31769819"
2022,23.3166304347826,3.7475,"L31769819"
2023,21.6453804347826,3.06402173913043,"L31769819"
2024,23.5263043478261,3.9679347826087,"L31769819"
1980,18.7110326086957,2.76065217391304,"L30141693"
1981,18.9859782608696,3.43826086956522,"L30141693"
1982,19.8294565217391,2.74521739130435,"L30141693"
1983,19.030597826087,3.21923913043478,"L30141693"
1984,18.2741304347826,3.95489130434783,"L30141693"
1985,18.5997282608696,3.3979347826087,"L30141693"
1986,19.7602173913043,2.40336956521739,"L30141693"
1987,20.9185869565217,3.7529347826087,"L30141693"
1988,19.984402173913,1.13597826086957,"L30141693"
1989,18.8965217391304,5.06184782608696,"L30141693"
1990,18.4702717391304,3.21336956521739,"L30141693"
1991,21.6066304347826,1.65010869565217,"L30141693"
1992,17.7271739130435,3.76826086956522,"L30141693"
1993,19.60875,2.18119565217391,"L30141693"
1994,19.0470108695652,1.81489130434783,"L30141693"
1995,19.8646195652174,3.40021739130435,"L30141693"
1996,18.5692934782609,2.72108695652174,"L30141693"
1997,17.8374456521739,2.94032608695652,"L30141693"
1998,20.2559782608696,2.58097826086957,"L30141693"
1999,20.8480434782609,2.12978260869565,"L30141693"
2000,19.2429347826087,3.96108695652174,"L30141693"
2001,19.6033152173913,2.12663043478261,"L30141693"
2002,19.5607065217391,3.03945652173913,"L30141693"
2003,18.4076086956522,3.9345652173913,"L30141693"
2004,19.5066304347826,3.89771739130435,"L30141693"
2005,20.1932608695652,2.15478260869565,"L30141693"
2006,19.6845108695652,3.92076086956522,"L30141693"
2007,19.7384782608696,1.72086956521739,"L30141693"
2008,18.964402173913,3.48489130434783,"L30141693"
2009,18.6870652173913,3.11934782608696,"L30141693"
2010,21.3602173913043,3.59663043478261,"L30141693"
2011,20.8829891304348,4.49630434782609,"L30141693"
2012,21.5338586956522,2.65130434782609,"L30141693"
2013,20.1900543478261,4.18,"L30141693"
2014,19.6660326086957,4.18869565217391,"L30141693"
2015,19.9879347826087,4.25684782608696,"L30141693"
2016,20.0327717391304,2.2845652173913,"L30141693"
2017,19.6179347826087,3.7045652173913,"L30141693"
2018,21.1157065217391,3.53630434782609,"L30141693"
2019,20.0727717391304,4.22097826086957,"L30141693"
2020,19.990652173913,3.13869565217391,"L30141693"
2021,19.9014130434783,3.92608695652174,"L30141693"
2022,20.7626630434783,3.48945652173913,"L30141693"
2023,18.9052173913043,3.56945652173913,"L30141693"
2024,21.118152173913,2.35315217391304,"L30141693"
1980,22.9258152173913,1.75717391304348,"L29126530"
1981,23.118152173913,3.23815217391304,"L29126530"
1982,22.7301086956522,4.17489130434783,"L29126530"
1983,22.5770108695652,2.35119565217391,"L29126530"
1984,22.6228260869565,4.8929347826087,"L29126530"
1985,22.6941847826087,4.01434782608696,"L29126530"
1986,23.73125,1.83326086956522,"L29126530"
1987,23.6500543478261,3.05239130434783,"L29126530"
1988,22.1866847826087,3.90152173913043,"L29126530"
1989,22.9379891304348,4.72576086956522,"L29126530"
1990,23.0244565217391,3.00021739130435,"L29126530"
1991,24.3750543478261,3.45119565217391,"L29126530"
1992,21.3964130434783,3.58739130434783,"L29126530"
1993,23.849347826087,2.66510869565217,"L29126530"
1994,23.0773913043478,4.0475,"L29126530"
1995,23.1370652173913,2.81836956521739,"L29126530"
1996,22.2961413043478,4.95945652173913,"L29126530"
1997,21.6315760869565,2.90945652173913,"L29126530"
1998,23.1276630434783,3.79260869565217,"L29126530"
1999,22.8955434782609,2.69141304347826,"L29126530"
2000,22.9958695652174,4.31945652173913,"L29126530"
2001,22.146902173913,3.82902173913043,"L29126530"
2002,23.1201630434783,2.72739130434783,"L29126530"
2003,22.1282608695652,4.81423913043478,"L29126530"
2004,23.8960869565217,5.32891304347826,"L29126530"
2005,22.7817934782609,3.67880434782609,"L29126530"
2006,22.7851630434783,3.94336956521739,"L29126530"
2007,22.6153804347826,2.445,"L29126530"
2008,23.1146195652174,2.83521739130435,"L29126530"
2009,23.0766847826087,4.09913043478261,"L29126530"
2010,24.9176086956522,2.22826086956522,"L29126530"
2011,24.0401086956522,5.28228260869565,"L29126530"
2012,23.6450543478261,4.58130434782609,"L29126530"
2013,23.5985326086957,6.27380434782609,"L29126530"
2014,23.3708695652174,3.35141304347826,"L29126530"
2015,24.2554347826087,5.16478260869565,"L29126530"
2016,22.7325,4.61663043478261,"L29126530"
2017,23.3727173913043,3.89086956521739,"L29126530"
2018,24.1475543478261,5.14554347826087,"L29126530"
2019,24.6363586956522,4.45989130434783,"L29126530"
2020,23.2051086956522,3.76358695652174,"L29126530"
2021,22.8202717391304,3.89076086956522,"L29126530"
2022,23.3070652173913,4.48804347826087,"L29126530"
2023,22.1521739130435,3.8204347826087,"L29126530"
2024,23.9503804347826,3.56902173913043,"L29126530"
1980,19.7857608695652,2.0504347826087,"L30805172"
1981,18.3623369565217,3.14358695652174,"L30805172"
1982,18.9301630434783,2.2625,"L30805172"
1983,18.9988586956522,4.51423913043478,"L30805172"
1984,18.3914673913043,4.23663043478261,"L30805172"
1985,19.1750543478261,2.425,"L30805172"
1986,19.7925,3.95489130434783,"L30805172"
1987,21.3305434782609,3.23228260869565,"L30805172"
1988,22.0478804347826,1.13902173913043,"L30805172"
1989,19.0563043478261,2.65369565217391,"L30805172"
1990,18.7116304347826,5.45652173913043,"L30805172"
1991,20.2842391304348,4.18945652173913,"L30805172"
1992,17.6997282608696,4.0675,"L30805172"
1993,17.8383152173913,5.4054347826087,"L30805172"
1994,19.2940217391304,3.30586956521739,"L30805172"
1995,19.1473913043478,3.65152173913043,"L30805172"
1996,17.8702173913043,2.50815217391304,"L30805172"
1997,18.2363043478261,5.22586956521739,"L30805172"
1998,19.6847282608696,5.31684782608696,"L30805172"
1999,19.9567934782609,5.47673913043478,"L30805172"
2000,18.8346739130435,4.36,"L30805172"
2001,19.4457065217391,3.47576086956522,"L30805172"
2002,19.0610869565217,5.06402173913043,"L30805172"
2003,18.3086956521739,3.33608695652174,"L30805172"
2004,17.3938043478261,4.05989130434783,"L30805172"
2005,19.6811413043478,3.42217391304348,"L30805172"
2006,20.1498369565217,2.15782608695652,"L30805172"
2007,20.4317934782609,1.74358695652174,"L30805172"
2008,18.1153804347826,2.52,"L30805172"
2009,17.8295652173913,1.95152173913043,"L30805172"
2010,19.3514673913043,3.97532608695652,"L30805172"
2011,19.3605434782609,4.1104347826087,"L30805172"
2012,20.9985869565217,5.18826086956522,"L30805172"
2013,18.2485326086957,5.02402173913043,"L30805172"
2014,18.2930434782609,5.77021739130435,"L30805172"
2015,18.5639673913043,4.59641304347826,"L30805172"
2016,19.5017391304348,3.23369565217391,"L30805172"
2017,18.9985869565217,3.65728260869565,"L30805172"
2018,20.8747826086957,3.69630434782609,"L30805172"
2019,18.2854347826087,4.56347826086956,"L30805172"
2020,19.7735869565217,4.52902173913043,"L30805172"
2021,20.4657065217391,1.67478260869565,"L30805172"
2022,20.1025543478261,1.53173913043478,"L30805172"
2023,20.3332065217391,1.67195652173913,"L30805172"
2024,19.14375,5.19336956521739,"L30805172"
1980,21.1380434782609,2.95445652173913,"L33982627"
1981,20.1939130434783,3.45260869565217,"L33982627"
1982,19.9039673913043,4.59532608695652,"L33982627"
1983,20.215597826087,3.77880434782609,"L33982627"
1984,19.5535869565217,4.28760869565217,"L33982627"
1985,20.1626086956522,2.56663043478261,"L33982627"
1986,21.3270652173913,5.36804347826087,"L33982627"
1987,22.3188043478261,4.30195652173913,"L33982627"
1988,22.2580434782609,1.68228260869565,"L33982627"
1989,19.9620108695652,3.21358695652174,"L33982627"
1990,19.579347826087,6.60054347826087,"L33982627"
1991,21.5844565217391,3.36391304347826,"L33982627"
1992,18.9863586956522,2.99510869565217,"L33982627"
1993,19.571847826087,6.65565217391304,"L33982627"
1994,20.0311956521739,2.87804347826087,"L33982627"
1995,19.5423913043478,3.9175,"L33982627"
1996,18.9160869565217,5.36347826086957,"L33982627"
1997,19.4617391304348,1.91989130434783,"L33982627"
1998,20.6167934782609,6.13065217391304,"L33982627"
1999,20.5460869565217,4.86478260869565,"L33982627"
2000,20.0540217391304,3.34423913043478,"L33982627"
2001,20.3491847826087,2.90521739130435,"L33982627"
2002,20.8625,2.94119565217391,"L33982627"
2003,19.1389130434783,3.96054347826087,"L33982627"
2004,19.0594565217391,4.60141304347826,"L33982627"
2005,20.3711956521739,4.17086956521739,"L33982627"
2006,20.8420108695652,3.4125,"L33982627"
2007,21.2370108695652,5.28380434782609,"L33982627"
2008,19.3895652173913,6.60347826086957,"L33982627"
2009,18.8663043478261,4.02086956521739,"L33982627"
2010,20.2328804347826,7.26282608695652,"L33982627"
2011,20.7021739130435,4.25065217391304,"L33982627"
2012,22.3870108695652,1.59554347826087,"L33982627"
2013,19.3027717391304,4.44489130434783,"L33982627"
2014,19.3067934782609,4.57445652173913,"L33982627"
2015,19.6830434782609,7.20130434782609,"L33982627"
2016,20.4505434782609,3.81402173913043,"L33982627"
2017,20.6314130434783,2.9345652173913,"L33982627"
2018,21.975597826087,4.36771739130435,"L33982627"
2019,19.75125,4.53597826086957,"L33982627"
2020,20.6532065217391,1.70652173913043,"L33982627"
2021,20.4052173913043,3.42478260869565,"L33982627"
2022,20.9273369565217,3.93108695652174,"L33982627"
2023,20.4653804347826,2.91576086956522,"L33982627"
2024,20.4435326086957,5.1175,"L33982627"
1980,20.6938043478261,2.88141304347826,"L30020920"
1981,20.7725,4.25032608695652,"L30020920"
1982,20.6285326086957,3.34695652173913,"L30020920"
1983,20.5094565217391,3.18728260869565,"L30020920"
1984,20.121847826087,5.55782608695652,"L30020920"
1985,20.4411956521739,4.21108695652174,"L30020920"
1986,21.6613586956522,2.19347826086957,"L30020920"
1987,21.9353804347826,2.84565217391304,"L30020920"
1988,21.2145108695652,3.72086956521739,"L30020920"
1989,20.7428804347826,7.02152173913043,"L30020920"
1990,20.640652173913,4.74652173913043,"L30020920"
1991,22.3559239130435,2.78228260869565,"L30020920"
1992,19.378097826087,3.0425,"L30020920"
1993,21.4984782608696,2.1179347826087,"L30020920"
1994,21.4134239130435,4.43434782608696,"L30020920"
1995,21.0192391304348,2.65586956521739,"L30020920"
1996,20.0545108695652,5.1004347826087,"L30020920"
1997,19.8302173913043,2.18271739130435,"L30020920"
1998,21.2994565217391,3.26152173913043,"L30020920"
1999,21.6547826086957,1.75336956521739,"L30020920"
2000,20.4151630434783,3.64336956521739,"L30020920"
2001,20.6370652173913,2.93880434782609,"L30020920"
2002,21.2139130434783,2.54217391304348,"L30020920"
2003,19.5565217391304,5.12934782608696,"L30020920"
2004,21.3758152173913,6.33413043478261,"L30020920"
2005,20.7235326086957,2.71173913043478,"L30020920"
2006,21.0179347826087,5.11065217391304,"L30020920"
2007,20.931902173913,2.49815217391304,"L30020920"
2008,20.4626630434783,3.68434782608696,"L30020920"
2009,19.8789673913043,4.2570652173913,"L30020920"
2010,22.4816847826087,3.05369565217391,"L30020920"
2011,22.3504347826087,2.67173913043478,"L30020920"
2012,21.8170108695652,2.75369565217391,"L30020920"
2013,21.2714673913043,6.34663043478261,"L30020920"
2014,20.6450543478261,3.40630434782609,"L30020920"
2015,21.7234239130435,4.40434782608696,"L30020920"
2016,20.6357065217391,4.35923913043478,"L30020920"
2017,20.5530434782609,4.34934782608696,"L30020920"
2018,21.4069565217391,4.96152173913043,"L30020920"
2019,21.64625,5.24869565217391,"L30020920"
2020,20.7913043478261,3.18684782608696,"L30020920"
2021,20.9084782608696,3.22152173913043,"L30020920"
2022,21.3770652173913,3.91380434782609,"L30020920"
2023,20.0744565217391,3.82880434782609,"L30020920"
2024,22.0138043478261,3.01771739130435,"L30020920"
1980,22.9651086956522,2.41586956521739,"L30417030"
1981,22.505,3.78891304347826,"L30417030"
1982,22.7689130434783,4.06184782608696,"L30417030"
1983,21.9541304347826,3.57836956521739,"L30417030"
1984,21.2751630434783,6.2854347826087,"L30417030"
1985,22.10875,3.10532608695652,"L30417030"
1986,23.6645108695652,2.00913043478261,"L30417030"
1987,23.7252173913043,2.92478260869565,"L30417030"
1988,21.8909239130435,2.4470652173913,"L30417030"
1989,21.0125543478261,5.6745652173913,"L30417030"
1990,21.9617391304348,4.24695652173913,"L30417030"
1991,23.458152173913,3.79663043478261,"L30417030"
1992,21.0397826086957,3.55336956521739,"L30417030"
1993,23.2795108695652,2.48195652173913,"L30417030"
1994,21.6930434782609,4.78336956521739,"L30417030"
1995,22.6008152173913,3.44195652173913,"L30417030"
1996,22.5370652173913,4.18673913043478,"L30417030"
1997,21.3526086956522,4.74532608695652,"L30417030"
1998,23.5709782608696,4.94195652173913,"L30417030"
1999,22.6827717391304,5.6729347826087,"L30417030"
2000,22.850597826087,3.6145652173913,"L30417030"
2001,22.2607065217391,4.12358695652174,"L30417030"
2002,22.6697282608696,3.08217391304348,"L30417030"
2003,21.8684239130435,6.76010869565217,"L30417030"
2004,23.044402173913,4.57684782608696,"L30417030"
2005,22.1890760869565,4.32380434782609,"L30417030"
2006,22.3159782608696,2.5125,"L30417030"
2007,23.0540217391304,2.68195652173913,"L30417030"
2008,22.4645108695652,3.65380434782609,"L30417030"
2009,22.3849456521739,6.38152173913043,"L30417030"
2010,24.6703804347826,3.20380434782609,"L30417030"
2011,23.7652173913043,2.15402173913043,"L30417030"
2012,24.0370652173913,3.33228260869565,"L30417030"
2013,22.2234239130435,6.43934782608696,"L30417030"
2014,22.5121195652174,3.69728260869565,"L30417030"
2015,23.8275,4.19934782608696,"L30417030"
2016,23.7260326086957,3.13097826086957,"L30417030"
2017,22.789347826087,4.06728260869565,"L30417030"
2018,24.453097826087,3.80391304347826,"L30417030"
2019,23.6316304347826,4.92902173913043,"L30417030"
2020,22.5532608695652,2.48402173913043,"L30417030"
2021,22.5888586956522,3.63532608695652,"L30417030"
2022,24.3896195652174,4.38173913043478,"L30417030"
2023,22.1982065217391,4.27086956521739,"L30417030"
2024,23.7376086956522,4.88228260869565,"L30417030"
1980,21.1425,2.26815217391304,"L28212052"
1981,20.24,3.74554347826087,"L28212052"
1982,21.165,4.20652173913043,"L28212052"
1983,19.9971195652174,4.5254347826087,"L28212052"
1984,19.8628260869565,6.56586956521739,"L28212052"
1985,20.2641304347826,3.55478260869565,"L28212052"
1986,21.8161956521739,3.11489130434783,"L28212052"
1987,21.8754347826087,3.73934782608696,"L28212052"
1988,20.4908152173913,2.89195652173913,"L28212052"
1989,19.1700543478261,7.00967391304348,"L28212052"
1990,19.766847826087,3.46032608695652,"L28212052"
1991,21.8665760869565,2.95673913043478,"L28212052"
1992,19.163097826087,4.60836956521739,"L28212052"
1993,21.5564673913043,2.05065217391304,"L28212052"
1994,20.0821195652174,4.78163043478261,"L28212052"
1995,20.5747826086957,4.39195652173913,"L28212052"
1996,20.6754347826087,4.45739130434783,"L28212052"
1997,19.3047826086957,5.05630434782609,"L28212052"
1998,21.7826630434783,6.69358695652174,"L28212052"
1999,21.2511956521739,5.69097826086957,"L28212052"
2000,21.0273369565217,3.58358695652174,"L28212052"
2001,20.3764130434783,3.83304347826087,"L28212052"
2002,20.3598369565217,3.6954347826087,"L28212052"
2003,19.9910869565217,7.15554347826087,"L28212052"
2004,21.0100543478261,5.46054347826087,"L28212052"
2005,20.0441847826087,3.47891304347826,"L28212052"
2006,20.0872282608696,3.3929347826087,"L28212052"
2007,20.7288043478261,3.04358695652174,"L28212052"
2008,20.1663043478261,2.99489130434783,"L28212052"
2009,20.2603804347826,6.60434782608696,"L28212052"
2010,22.3891847826087,4.42163043478261,"L28212052"
2011,21.2492934782609,4.4154347826087,"L28212052"
2012,21.635,3.51163043478261,"L28212052"
2013,19.8522826086957,6.84380434782609,"L28212052"
2014,20.2546195652174,3.84239130434783,"L28212052"
2015,21.7389673913043,5.25260869565217,"L28212052"
2016,21.0565217391304,4.17913043478261,"L28212052"
2017,20.4311413043478,4.29554347826087,"L28212052"
2018,22.1054891304348,4.91119565217391,"L28212052"
2019,21.2661413043478,5.07826086956522,"L28212052"
2020,20.2278804347826,3.65978260869565,"L28212052"
2021,20.1421195652174,4.66369565217391,"L28212052"
2022,21.8809239130435,4.65836956521739,"L28212052"
2023,19.9229891304348,4.98130434782609,"L28212052"
2024,21.5850543478261,4.69369565217391,"L28212052"
1980,21.1425,2.26815217391304,"L28212156"
1981,20.24,3.74554347826087,"L28212156"
1982,21.165,4.20652173913043,"L28212156"
1983,19.9971195652174,4.5254347826087,"L28212156"
1984,19.8628260869565,6.56586956521739,"L28212156"
1985,20.2641304347826,3.55478260869565,"L28212156"
1986,21.8161956521739,3.11489130434783,"L28212156"
1987,21.8754347826087,3.73934782608696,"L28212156"
1988,20.4908152173913,2.89195652173913,"L28212156"
1989,19.1700543478261,7.00967391304348,"L28212156"
1990,19.766847826087,3.46032608695652,"L28212156"
1991,21.8665760869565,2.95673913043478,"L28212156"
1992,19.163097826087,4.60836956521739,"L28212156"
1993,21.5564673913043,2.05065217391304,"L28212156"
1994,20.0821195652174,4.78163043478261,"L28212156"
1995,20.5747826086957,4.39195652173913,"L28212156"
1996,20.6754347826087,4.45739130434783,"L28212156"
1997,19.3047826086957,5.05630434782609,"L28212156"
1998,21.7826630434783,6.69358695652174,"L28212156"
1999,21.2511956521739,5.69097826086957,"L28212156"
2000,21.0273369565217,3.58358695652174,"L28212156"
2001,20.3764130434783,3.83304347826087,"L28212156"
2002,20.3598369565217,3.6954347826087,"L28212156"
2003,19.9910869565217,7.15554347826087,"L28212156"
2004,21.0100543478261,5.46054347826087,"L28212156"
2005,20.0441847826087,3.47891304347826,"L28212156"
2006,20.0872282608696,3.3929347826087,"L28212156"
2007,20.7288043478261,3.04358695652174,"L28212156"
2008,20.1663043478261,2.99489130434783,"L28212156"
2009,20.2603804347826,6.60434782608696,"L28212156"
2010,22.3891847826087,4.42163043478261,"L28212156"
2011,21.2492934782609,4.4154347826087,"L28212156"
2012,21.635,3.51163043478261,"L28212156"
2013,19.8522826086957,6.84380434782609,"L28212156"
2014,20.2546195652174,3.84239130434783,"L28212156"
2015,21.7389673913043,5.25260869565217,"L28212156"
2016,21.0565217391304,4.17913043478261,"L28212156"
2017,20.4311413043478,4.29554347826087,"L28212156"
2018,22.1054891304348,4.91119565217391,"L28212156"
2019,21.2661413043478,5.07826086956522,"L28212156"
2020,20.2278804347826,3.65978260869565,"L28212156"
2021,20.1421195652174,4.66369565217391,"L28212156"
2022,21.8809239130435,4.65836956521739,"L28212156"
2023,19.9229891304348,4.98130434782609,"L28212156"
2024,21.5850543478261,4.69369565217391,"L28212156"
1980,20.0167391304348,5.65532608695652,"L30588183"
1981,19.6364130434783,5.62391304347826,"L30588183"
1982,20.58,2.73967391304348,"L30588183"
1983,20.0542391304348,4.1795652173913,"L30588183"
1984,19.3220652173913,2.85760869565217,"L30588183"
1985,19.7015217391304,3.04271739130435,"L30588183"
1986,21.0563043478261,4.4145652173913,"L30588183"
1987,21.9164673913043,3.27065217391304,"L30588183"
1988,21.0035869565217,2.66880434782609,"L30588183"
1989,19.6036413043478,4.40021739130435,"L30588183"
1990,19.360652173913,6.03336956521739,"L30588183"
1991,22.5274456521739,2.30108695652174,"L30588183"
1992,18.9164673913043,4.52391304347826,"L30588183"
1993,20.6797282608696,3.25108695652174,"L30588183"
1994,20.2634782608696,2.48771739130435,"L30588183"
1995,20.4652173913043,4.65717391304348,"L30588183"
1996,19.7733152173913,5.68032608695652,"L30588183"
1997,18.9248913043478,3.90402173913043,"L30588183"
1998,21.0055434782609,4.79978260869565,"L30588183"
1999,21.8557608695652,2.53576086956522,"L30588183"
2000,20.4352173913043,4.01891304347826,"L30588183"
2001,20.3509782608696,4.59445652173913,"L30588183"
2002,20.7900543478261,4.39032608695652,"L30588183"
2003,19.2479347826087,5.50576086956522,"L30588183"
2004,20.7425543478261,4.77021739130435,"L30588183"
2005,20.5355434782609,2.28739130434783,"L30588183"
2006,20.0996195652174,4.27152173913043,"L30588183"
2007,20.8585869565217,2.94489130434783,"L30588183"
2008,19.8726630434783,4.65391304347826,"L30588183"
2009,19.8998369565217,3.43076086956522,"L30588183"
2010,21.7291847826087,4.5925,"L30588183"
2011,21.7253804347826,4.09978260869565,"L30588183"
2012,22.4497282608696,2.82217391304348,"L30588183"
2013,20.5745108695652,4.5404347826087,"L30588183"
2014,20.0425543478261,4.65826086956522,"L30588183"
2015,21.0635869565217,4.91630434782609,"L30588183"
2016,20.685652173913,2.93760869565217,"L30588183"
2017,20.2476086956522,4.73173913043478,"L30588183"
2018,22.4314673913043,4.18282608695652,"L30588183"
2019,21.4459239130435,4.16913043478261,"L30588183"
2020,20.943097826087,3.06836956521739,"L30588183"
2021,20.4670652173913,4.26239130434783,"L30588183"
2022,21.4677173913043,4.42804347826087,"L30588183"
2023,19.9272826086957,3.0370652173913,"L30588183"
2024,21.7223369565217,3.08478260869565,"L30588183"
1980,20.1541304347826,4.41217391304348,"L31260977"
1981,19.8476086956522,4.73978260869565,"L31260977"
1982,20.6229347826087,2.22586956521739,"L31260977"
1983,20.0788043478261,3.66652173913043,"L31260977"
1984,19.6159239130435,2.50445652173913,"L31260977"
1985,19.763152173913,3.89760869565217,"L31260977"
1986,21.1532065217391,3.39445652173913,"L31260977"
1987,21.8290760869565,2.93869565217391,"L31260977"
1988,20.8730434782609,2.79836956521739,"L31260977"
1989,19.5941304347826,4.90782608695652,"L31260977"
1990,19.58875,5.63913043478261,"L31260977"
1991,22.9704891304348,1.56869565217391,"L31260977"
1992,19.0947826086957,4.65228260869565,"L31260977"
1993,20.7085326086957,3.88152173913043,"L31260977"
1994,20.213152173913,3.02597826086957,"L31260977"
1995,20.5921195652174,5.03739130434783,"L31260977"
1996,19.8816304347826,4.87891304347826,"L31260977"
1997,19.1870652173913,5.03065217391304,"L31260977"
1998,21.2839673913043,3.87597826086957,"L31260977"
1999,22.3008695652174,1.8175,"L31260977"
2000,20.7309239130435,3.45521739130435,"L31260977"
2001,20.60375,3.70489130434783,"L31260977"
2002,20.8329891304348,3.42282608695652,"L31260977"
2003,19.4689130434783,4.18619565217391,"L31260977"
2004,20.8050543478261,4.60391304347826,"L31260977"
2005,20.6261413043478,2.5970652173913,"L31260977"
2006,20.3503804347826,4.0920652173913,"L31260977"
2007,21.0654891304348,2.11880434782609,"L31260977"
2008,20.071847826087,4.23858695652174,"L31260977"
2009,20.0759782608696,2.73934782608696,"L31260977"
2010,22.1085869565217,4.44619565217391,"L31260977"
2011,22.1296739130435,4.0495652173913,"L31260977"
2012,22.8990217391304,2.49521739130435,"L31260977"
2013,21.2321195652174,4.74315217391304,"L31260977"
2014,20.51625,4.54184782608696,"L31260977"
2015,21.2938586956522,4.82467391304348,"L31260977"
2016,21.0383695652174,2.96586956521739,"L31260977"
2017,20.7523913043478,4.67380434782609,"L31260977"
2018,22.8635869565217,4.47380434782609,"L31260977"
2019,21.8441847826087,3.95239130434783,"L31260977"
2020,21.1475,3.93130434782609,"L31260977"
2021,20.9504347826087,4.27760869565217,"L31260977"
2022,21.871902173913,5.29,"L31260977"
2023,20.2157065217391,3.25119565217391,"L31260977"
2024,22.2554891304348,2.28076086956522,"L31260977"
1980,22.9651086956522,2.41586956521739,"L30410662"
1981,22.505,3.78891304347826,"L30410662"
1982,22.7689130434783,4.06184782608696,"L30410662"
1983,21.9541304347826,3.57836956521739,"L30410662"
1984,21.2751630434783,6.2854347826087,"L30410662"
1985,22.10875,3.10532608695652,"L30410662"
1986,23.6645108695652,2.00913043478261,"L30410662"
1987,23.7252173913043,2.92478260869565,"L30410662"
1988,21.8909239130435,2.4470652173913,"L30410662"
1989,21.0125543478261,5.6745652173913,"L30410662"
1990,21.9617391304348,4.24695652173913,"L30410662"
1991,23.458152173913,3.79663043478261,"L30410662"
1992,21.0397826086957,3.55336956521739,"L30410662"
1993,23.2795108695652,2.48195652173913,"L30410662"
1994,21.6930434782609,4.78336956521739,"L30410662"
1995,22.6008152173913,3.44195652173913,"L30410662"
1996,22.5370652173913,4.18673913043478,"L30410662"
1997,21.3526086956522,4.74532608695652,"L30410662"
1998,23.5709782608696,4.94195652173913,"L30410662"
1999,22.6827717391304,5.6729347826087,"L30410662"
2000,22.850597826087,3.6145652173913,"L30410662"
2001,22.2607065217391,4.12358695652174,"L30410662"
2002,22.6697282608696,3.08217391304348,"L30410662"
2003,21.8684239130435,6.76010869565217,"L30410662"
2004,23.044402173913,4.57684782608696,"L30410662"
2005,22.1890760869565,4.32380434782609,"L30410662"
2006,22.3159782608696,2.5125,"L30410662"
2007,23.0540217391304,2.68195652173913,"L30410662"
2008,22.4645108695652,3.65380434782609,"L30410662"
2009,22.3849456521739,6.38152173913043,"L30410662"
2010,24.6703804347826,3.20380434782609,"L30410662"
2011,23.7652173913043,2.15402173913043,"L30410662"
2012,24.0370652173913,3.33228260869565,"L30410662"
2013,22.2234239130435,6.43934782608696,"L30410662"
2014,22.5121195652174,3.69728260869565,"L30410662"
2015,23.8275,4.19934782608696,"L30410662"
2016,23.7260326086957,3.13097826086957,"L30410662"
2017,22.789347826087,4.06728260869565,"L30410662"
2018,24.453097826087,3.80391304347826,"L30410662"
2019,23.6316304347826,4.92902173913043,"L30410662"
2020,22.5532608695652,2.48402173913043,"L30410662"
2021,22.5888586956522,3.63532608695652,"L30410662"
2022,24.3896195652174,4.38173913043478,"L30410662"
2023,22.1982065217391,4.27086956521739,"L30410662"
2024,23.7376086956522,4.88228260869565,"L30410662"
1980,20.7666304347826,2.99119565217391,"L31761681"
1981,20.8433695652174,4.48434782608696,"L31761681"
1982,20.5925,3.81989130434783,"L31761681"
1983,20.5113586956522,3.33271739130435,"L31761681"
1984,20.02625,6.13141304347826,"L31761681"
1985,20.270597826087,4.17217391304348,"L31761681"
1986,21.4473913043478,1.91586956521739,"L31761681"
1987,21.8598913043478,2.97630434782609,"L31761681"
1988,21.1124456521739,3.89010869565217,"L31761681"
1989,20.5764130434783,6.76141304347826,"L31761681"
1990,20.5397826086957,4.33152173913043,"L31761681"
1991,22.1861956521739,3.20945652173913,"L31761681"
1992,19.2364130434783,3.10532608695652,"L31761681"
1993,21.3015217391304,2.05847826086957,"L31761681"
1994,21.2433152173913,4.01402173913043,"L31761681"
1995,20.6608695652174,2.63836956521739,"L31761681"
1996,19.9133695652174,5.10076086956522,"L31761681"
1997,19.6513043478261,2.3995652173913,"L31761681"
1998,21.1667391304348,3.41336956521739,"L31761681"
1999,21.50125,1.79532608695652,"L31761681"
2000,20.2373369565217,3.79597826086957,"L31761681"
2001,20.5669565217391,2.64108695652174,"L31761681"
2002,21.1078804347826,2.68423913043478,"L31761681"
2003,19.5703260869565,4.72163043478261,"L31761681"
2004,21.3788043478261,5.36163043478261,"L31761681"
2005,20.8170108695652,2.74304347826087,"L31761681"
2006,21.0922826086957,4.97684782608696,"L31761681"
2007,20.9823913043478,3.12652173913043,"L31761681"
2008,20.3816847826087,3.74532608695652,"L31761681"
2009,19.8333695652174,4.46478260869565,"L31761681"
2010,22.5342934782609,3.52228260869565,"L31761681"
2011,22.4060869565217,2.52945652173913,"L31761681"
2012,21.8555434782609,2.90315217391304,"L31761681"
2013,21.2888043478261,5.6645652173913,"L31761681"
2014,20.676902173913,3.03565217391304,"L31761681"
2015,21.7858152173913,4.17771739130435,"L31761681"
2016,20.7197826086957,4.2075,"L31761681"
2017,20.5228260869565,4.69315217391304,"L31761681"
2018,21.4936413043478,4.75869565217391,"L31761681"
2019,21.6124456521739,6.02304347826087,"L31761681"
2020,20.7700543478261,3.43108695652174,"L31761681"
2021,20.8504347826087,3.74728260869565,"L31761681"
2022,21.3888043478261,3.415,"L31761681"
2023,19.9666847826087,4.50119565217391,"L31761681"
2024,21.9824456521739,2.62228260869565,"L31761681"
1980,20.40875,3.45608695652174,"L30267544"
1981,20.5436956521739,3.31869565217391,"L30267544"
1982,20.3613586956522,3.73489130434783,"L30267544"
1983,20.1802173913043,2.58641304347826,"L30267544"
1984,19.9129347826087,4.6104347826087,"L30267544"
1985,20.3307065217391,4.07858695652174,"L30267544"
1986,21.3534782608696,2.90945652173913,"L30267544"
1987,21.6265217391304,2.44228260869565,"L30267544"
1988,20.895,4.04902173913043,"L30267544"
1989,20.273152173913,5.77641304347826,"L30267544"
1990,20.2470108695652,3.50478260869565,"L30267544"
1991,22.4914673913043,1.33641304347826,"L30267544"
1992,19.1122282608696,2.90521739130435,"L30267544"
1993,21.2115217391304,1.80565217391304,"L30267544"
1994,21.0597282608696,3.87902173913043,"L30267544"
1995,20.6351630434783,3.76402173913043,"L30267544"
1996,19.7801086956522,5.24184782608696,"L30267544"
1997,19.6877717391304,2.45663043478261,"L30267544"
1998,21.0672826086957,4.26815217391304,"L30267544"
1999,21.37875,1.79934782608696,"L30267544"
2000,20.1584239130435,3.49402173913043,"L30267544"
2001,20.3084782608696,2.22554347826087,"L30267544"
2002,20.993152173913,2.64010869565217,"L30267544"
2003,19.5491847826087,4.03826086956522,"L30267544"
2004,21.236902173913,5.525,"L30267544"
2005,20.5048369565217,3.56771739130435,"L30267544"
2006,20.9967934782609,4.68934782608696,"L30267544"
2007,21.0467391304348,3.145,"L30267544"
2008,20.4979891304348,3.96717391304348,"L30267544"
2009,20.0064673913043,3.83684782608696,"L30267544"
2010,22.260652173913,3.81847826086957,"L30267544"
2011,22.3990217391304,3.55119565217391,"L30267544"
2012,22.0036956521739,3.87260869565217,"L30267544"
2013,21.225652173913,4.03369565217391,"L30267544"
2014,20.5470652173913,3.60152173913043,"L30267544"
2015,21.7011413043478,4.29717391304348,"L30267544"
2016,20.7609782608696,3.87010869565217,"L30267544"
2017,20.8560869565217,3.77576086956522,"L30267544"
2018,21.6370652173913,6.20119565217391,"L30267544"
2019,21.6919565217391,4.33945652173913,"L30267544"
2020,21.1557608695652,3.63489130434783,"L30267544"
2021,21.235652173913,3.36782608695652,"L30267544"
2022,21.7301086956522,3.7420652173913,"L30267544"
2023,20.5066304347826,2.50021739130435,"L30267544"
2024,22.6095652173913,2.43086956521739,"L30267544"
1980,26.778152173913,4.06913043478261,"L30047655"
1981,27.0383695652174,4.56739130434783,"L30047655"
1982,26.4704347826087,6.50163043478261,"L30047655"
1983,26.5605434782609,4.23717391304348,"L30047655"
1984,26.2164130434783,3.72,"L30047655"
1985,27.0325543478261,4.46065217391304,"L30047655"
1986,26.7116304347826,4.99478260869565,"L30047655"
1987,27.0653260869565,4.59913043478261,"L30047655"
1988,25.9814130434783,3.33,"L30047655"
1989,26.9615760869565,4.29597826086956,"L30047655"
1990,27.2652173913043,4.78695652173913,"L30047655"
1991,27.2647282608696,5.88532608695652,"L30047655"
1992,26.2646739130435,5.16728260869565,"L30047655"
1993,26.8026630434783,3.17032608695652,"L30047655"
1994,27.1464673913043,4.81717391304348,"L30047655"
1995,27.4438586956522,5.9720652173913,"L30047655"
1996,27.0607608695652,3.85336956521739,"L30047655"
1997,26.6988043478261,4.11054347826087,"L30047655"
1998,27.7524456521739,3.64489130434783,"L30047655"
1999,26.6178804347826,3.97076086956522,"L30047655"
2000,27.1704347826087,4.36695652173913,"L30047655"
2001,26.5717391304348,4.64347826086957,"L30047655"
2002,27.028152173913,5.07652173913043,"L30047655"
2003,27.3084782608696,5.85010869565217,"L30047655"
2004,27.2873369565217,5.91826086956522,"L30047655"
2005,27.1445652173913,5.76434782608696,"L30047655"
2006,26.9633695652174,4.63,"L30047655"
2007,26.8471739130435,3.86804347826087,"L30047655"
2008,27.011902173913,5.79989130434783,"L30047655"
2009,27.2940217391304,9.03771739130435,"L30047655"
2010,28.2879891304348,5.03945652173913,"L30047655"
2011,27.3616847826087,4.58021739130435,"L30047655"
2012,27.1175,6.50989130434783,"L30047655"
2013,26.7585326086957,7.3679347826087,"L30047655"
2014,27.2853260869565,4.81,"L30047655"
2015,27.52875,8.66836956521739,"L30047655"
2016,27.6286956521739,6.04076086956522,"L30047655"
2017,27.5945652173913,7.2320652173913,"L30047655"
2018,27.3029347826087,5.59119565217391,"L30047655"
2019,27.8823369565217,7.0395652173913,"L30047655"
2020,27.6765217391304,4.26717391304348,"L30047655"
2021,27.5804891304348,6.03010869565217,"L30047655"
2022,27.7486413043478,5.92239130434783,"L30047655"
2023,27.75,4.3745652173913,"L30047655"
2024,28.8040760869565,5.47423913043478,"L30047655"
1980,20.8238586956522,2.70315217391304,"L28218956"
1981,19.8602717391304,4.14239130434783,"L28218956"
1982,20.9099456521739,4.18967391304348,"L28218956"
1983,19.7213043478261,5.22934782608696,"L28218956"
1984,19.7215760869565,6.66641304347826,"L28218956"
1985,20.0016304347826,3.51586956521739,"L28218956"
1986,21.571902173913,3.63228260869565,"L28218956"
1987,21.6297282608696,3.53934782608696,"L28218956"
1988,20.2880434782609,2.60934782608696,"L28218956"
1989,18.973097826087,6.55271739130435,"L28218956"
1990,19.49625,3.47130434782609,"L28218956"
1991,21.7498369565217,2.88630434782609,"L28218956"
1992,19.0054891304348,4.60967391304348,"L28218956"
1993,21.4016847826087,2.49130434782609,"L28218956"
1994,19.9770108695652,4.41347826086957,"L28218956"
1995,20.46625,4.53097826086957,"L28218956"
1996,20.6332065217391,4.49391304347826,"L28218956"
1997,19.2214673913043,5.08141304347826,"L28218956"
1998,21.7113043478261,7.08478260869565,"L28218956"
1999,21.2573913043478,5.50804347826087,"L28218956"
2000,20.9924456521739,3.79532608695652,"L28218956"
2001,20.1835869565217,4.2720652173913,"L28218956"
2002,20.3180434782609,3.85445652173913,"L28218956"
2003,19.9013043478261,7.59597826086956,"L28218956"
2004,21.0048913043478,5.91978260869565,"L28218956"
2005,20.0504347826087,4.11663043478261,"L28218956"
2006,19.9896195652174,4.49336956521739,"L28218956"
2007,20.8598913043478,2.82282608695652,"L28218956"
2008,19.9808695652174,3.10130434782609,"L28218956"
2009,20.1983695652174,7.16804347826087,"L28218956"
2010,22.3535869565217,5.19934782608696,"L28218956"
2011,21.1371195652174,4.99576086956522,"L28218956"
2012,21.8610326086957,3.22315217391304,"L28218956"
2013,19.9078804347826,6.41423913043478,"L28218956"
2014,20.4025,4.13684782608696,"L28218956"
2015,21.8490760869565,6.29489130434783,"L28218956"
2016,20.6183695652174,4.41086956521739,"L28218956"
2017,20.3476086956522,4.87380434782609,"L28218956"
2018,22.1917934782609,5.39163043478261,"L28218956"
2019,21.3079891304348,5.40065217391304,"L28218956"
2020,20.1339673913043,4.4370652173913,"L28218956"
2021,20.0029347826087,4.83195652173913,"L28218956"
2022,21.7454891304348,5.10652173913043,"L28218956"
2023,19.6738043478261,5.83836956521739,"L28218956"
2024,21.3525543478261,5.34130434782609,"L28218956"
1980,19.716902173913,4.29619565217391,"L30353540"
1981,19.5053804347826,4.22673913043478,"L30353540"
1982,20.2992391304348,2.38739130434783,"L30353540"
1983,19.7453260869565,3.84880434782609,"L30353540"
1984,19.2746739130435,2.16847826086957,"L30353540"
1985,19.4439673913043,3.73010869565217,"L30353540"
1986,20.7813586956522,4.16771739130435,"L30353540"
1987,21.5166847826087,3.36989130434783,"L30353540"
1988,20.6804347826087,2.61,"L30353540"
1989,19.3351630434783,4.70739130434783,"L30353540"
1990,19.2103260869565,5.92521739130435,"L30353540"
1991,22.6075543478261,2.01521739130435,"L30353540"
1992,18.758097826087,5.19880434782609,"L30353540"
1993,20.375652173913,4.14336956521739,"L30353540"
1994,19.9609239130435,2.56184782608696,"L30353540"
1995,20.2253804347826,5.7175,"L30353540"
1996,19.5517934782609,4.62902173913043,"L30353540"
1997,18.8764130434783,4.41826086956522,"L30353540"
1998,21.0417391304348,3.59108695652174,"L30353540"
1999,21.9530434782609,2.17891304347826,"L30353540"
2000,20.4135869565217,3.44608695652174,"L30353540"
2001,20.3123369565217,3.66619565217391,"L30353540"
2002,20.6050543478261,3.29489130434783,"L30353540"
2003,19.1951086956522,4.45239130434783,"L30353540"
2004,20.4996739130435,5.09652173913044,"L30353540"
2005,20.3858695652174,2.40978260869565,"L30353540"
2006,20.0690760869565,4.295,"L30353540"
2007,20.7355434782609,2.00597826086957,"L30353540"
2008,19.8088586956522,4.87619565217391,"L30353540"
2009,19.6821195652174,3.23326086956522,"L30353540"
2010,21.7455434782609,4.8620652173913,"L30353540"
2011,21.8407608695652,4.60815217391304,"L30353540"
2012,22.6105434782609,2.5179347826087,"L30353540"
2013,20.9064130434783,3.83586956521739,"L30353540"
2014,20.1639673913043,5.2929347826087,"L30353540"
2015,20.9990217391304,3.96423913043478,"L30353540"
2016,20.7783152173913,3.69163043478261,"L30353540"
2017,20.3915760869565,4.22739130434783,"L30353540"
2018,22.4104347826087,4.26532608695652,"L30353540"
2019,21.4205434782609,3.05739130434783,"L30353540"
2020,20.7888043478261,3.875,"L30353540"
2021,20.5395652173913,3.66347826086957,"L30353540"
2022,21.4805434782609,4.80141304347826,"L30353540"
2023,19.865597826087,3.32902173913043,"L30353540"
2024,21.9653260869565,2.70141304347826,"L30353540"
1980,23.3602717391304,2.78565217391304,"L30232426"
1981,21.7747282608696,5.99695652173913,"L30232426"
1982,22.5108152173913,3.50652173913043,"L30232426"
1983,22.4317391304348,2.69445652173913,"L30232426"
1984,21.9467934782609,2.27782608695652,"L30232426"
1985,21.9597826086957,3.86913043478261,"L30232426"
1986,23.8541847826087,2.7575,"L30232426"
1987,24.4482065217391,3.59119565217391,"L30232426"
1988,23.1991304347826,2.12032608695652,"L30232426"
1989,21.5071195652174,4.1954347826087,"L30232426"
1990,22.0122826086957,4.73510869565217,"L30232426"
1991,24.0663043478261,2.83760869565217,"L30232426"
1992,21.645,1.97380434782609,"L30232426"
1993,22.910652173913,4.77173913043478,"L30232426"
1994,22.2491847826087,2.15163043478261,"L30232426"
1995,22.0608695652174,6.35467391304348,"L30232426"
1996,22.3060869565217,3.80869565217391,"L30232426"
1997,21.4866304347826,2.46369565217391,"L30232426"
1998,23.5529891304348,5.4825,"L30232426"
1999,23.1927173913043,3.79978260869565,"L30232426"
2000,22.2214673913043,5.79858695652174,"L30232426"
2001,22.6136956521739,3.61521739130435,"L30232426"
2002,22.7278804347826,3.62652173913043,"L30232426"
2003,21.4117391304348,4.33695652173913,"L30232426"
2004,22.2759782608696,5.33271739130435,"L30232426"
2005,22.8863043478261,2.37282608695652,"L30232426"
2006,22.7783152173913,2.33228260869565,"L30232426"
2007,22.9784239130435,3.07032608695652,"L30232426"
2008,21.7770108695652,5.27217391304348,"L30232426"
2009,22.1525543478261,4.60630434782609,"L30232426"
2010,24.0220652173913,4.46510869565217,"L30232426"
2011,23.7338586956522,5.43260869565217,"L30232426"
2012,24.9624456521739,1.06467391304348,"L30232426"
2013,22.3821195652174,5.44619565217391,"L30232426"
2014,22.341847826087,2.35989130434783,"L30232426"
2015,23.2926630434783,6.55032608695652,"L30232426"
2016,23.2769565217391,3.86923913043478,"L30232426"
2017,23.2495652173913,3.15836956521739,"L30232426"
2018,25.0034239130435,3.94652173913043,"L30232426"
2019,22.776902173913,5.27086956521739,"L30232426"
2020,22.6447282608696,5.46467391304348,"L30232426"
2021,22.2283152173913,3.77434782608696,"L30232426"
2022,23.4550543478261,5.59782608695652,"L30232426"
2023,22.8239673913043,2.98010869565217,"L30232426"
2024,23.4402717391304,6.78804347826087,"L30232426"
1980,22.4932065217391,4.34467391304348,"L23094997"
1981,22.9135326086957,4.04858695652174,"L23094997"
1982,23.0842934782609,5.62902173913043,"L23094997"
1983,22.6495652173913,2.93673913043478,"L23094997"
1984,22.1980434782609,4.83130434782609,"L23094997"
1985,22.7416304347826,4.72282608695652,"L23094997"
1986,24.003152173913,1.985,"L23094997"
1987,24.0546739130435,2.11119565217391,"L23094997"
1988,22.1163043478261,2.66,"L23094997"
1989,22.4822282608696,5.29239130434783,"L23094997"
1990,23.1188586956522,3.25010869565217,"L23094997"
1991,24.3802173913043,3.29369565217391,"L23094997"
1992,21.5549456521739,3.7725,"L23094997"
1993,24.2258152173913,2.55815217391304,"L23094997"
1994,22.9569565217391,3.47,"L23094997"
1995,23.0802173913043,5.3429347826087,"L23094997"
1996,23.2527173913043,3.02228260869565,"L23094997"
1997,21.8471739130435,2.88663043478261,"L23094997"
1998,23.7885326086957,2.5829347826087,"L23094997"
1999,22.725652173913,2.25097826086956,"L23094997"
2000,23.0116847826087,3.6279347826087,"L23094997"
2001,22.4010869565217,4.16076086956522,"L23094997"
2002,23.4772282608696,2.30717391304348,"L23094997"
2003,22.0361956521739,4.30847826086957,"L23094997"
2004,23.7633695652174,3.7179347826087,"L23094997"
2005,22.7367934782609,2.64010869565217,"L23094997"
2006,22.2407065217391,4.80565217391304,"L23094997"
2007,22.6686413043478,2.26423913043478,"L23094997"
2008,22.9347282608696,3.59663043478261,"L23094997"
2009,23.0719565217391,3.41717391304348,"L23094997"
2010,24.7919565217391,3.50065217391304,"L23094997"
2011,24.1720108695652,3.4204347826087,"L23094997"
2012,23.8635869565217,4.10619565217391,"L23094997"
2013,22.5252173913043,6.59902173913043,"L23094997"
2014,23.1953804347826,3.32847826086957,"L23094997"
2015,24.0960869565217,3.2195652173913,"L23094997"
2016,23.11125,5.47847826086957,"L23094997"
2017,23.1679891304348,4.1625,"L23094997"
2018,24.4307065217391,4.67902173913043,"L23094997"
2019,24.3064673913043,3.49184782608696,"L23094997"
2020,22.6322826086957,3.92065217391304,"L23094997"
2021,22.6697826086957,3.3529347826087,"L23094997"
2022,23.84625,4.44315217391304,"L23094997"
2023,22.1597826086957,3.41239130434783,"L23094997"
2024,24.2569565217391,4.32673913043478,"L23094997"
