,Species.Name,model,model_desc,intercept,pre_emergence,pe_sd,pe_p,asynchrony,async_sd,async_p,y_anomaly_temp,yat_sd,yat_p,y_anomaly_precip,yap_sd,yap_p,async_interction,async_int_sd,async_int_p,n_noncicada,n_cicada
1,Eastern Bluebird,pre_emergence * h_mid + y_anomaly_temp + y_anomaly_precip,binomial,1.519562794,0.165663137,0.057040481,0.003680656,-0.003140771,0.001132046,0.005530013,-0.002198001,0.042459408,0.958714251,-0.001012885,0.029832894,0.972915454,0.000363273,0.001578497,0.817983953,5662,4635
2,Tree Swallow,pre_emergence * h_mid + y_anomaly_temp + y_anomaly_precip,binomial,1.700442909,-0.335907538,0.079196401,2.22081E-05,-0.013510534,0.003828719,0.000417551,-0.055901146,0.067921798,0.410495387,-0.049740764,0.042335605,0.240028479,0.011307892,0.004844836,0.019595255,3312,2618
3,Northern House Wren,pre_emergence * h_mid + y_anomaly_temp + y_anomaly_precip,binomial,1.640491372,0.063123805,0.197005988,0.748653253,0.000949249,0.003509568,0.786795103,-0.225748137,0.117663719,0.055036563,0.178285781,0.08202458,0.029737796,-0.001900897,0.004859128,0.695648563,1050,966
4,"Black-capped and
 Carolina Chickadee",pre_emergence * h_mid + y_anomaly_temp + y_anomaly_precip,binomial,0.834135895,-0.039765634,0.23904781,0.867881418,-0.016764453,0.008868629,0.058716575,0.01008203,0.126693536,0.936572816,0.018189201,0.105578997,0.863217027,0.005733629,0.011730294,0.62499164,359,343
5,Purple Martin,pre_emergence * h_mid + y_anomaly_temp + y_anomaly_precip,binomial,1.031064967,1.584772882,0.837781426,0.058540232,0.003285687,0.022061046,0.881604041,0.920090235,0.252334321,0.000266029,-0.194408641,0.225784476,0.389218023,-0.022062438,0.030677042,0.472027552,172,174
6,Carolina Wren,pre_emergence * h_mid + y_anomaly_temp + y_anomaly_precip,binomial,1.297092338,0.435350859,0.349631225,0.213068693,-0.008826171,0.005491428,0.107996589,-0.121217829,0.219313229,0.580458213,0.291469367,0.182791038,0.110813002,-0.007374066,0.008807467,0.402451158,123,155
7,American Robin,pre_emergence * h_mid + y_anomaly_temp + y_anomaly_precip,binomial,0.264970637,0.676309881,0.319110479,0.034060082,-0.011427638,0.008475266,0.177545372,-0.044323565,0.231761051,0.848332219,0.204040271,0.161192917,0.205579636,0.00432354,0.012933375,0.738158272,112,124
8,House Sparrow,pre_emergence * h_mid + y_anomaly_temp + y_anomaly_precip,binomial,1.250963797,-2.43647861,0.454712115,8.40141E-08,0.012463965,0.010509746,0.235644624,-0.298745907,0.422197993,0.479195743,1.029639161,0.278625935,0.000219526,-0.03400248,0.015443637,0.027685475,126,47
9,Prothonotary Warbler,pre_emergence * h_mid + y_anomaly_temp + y_anomaly_precip,binomial,0.569223297,1.703291164,1.07561583,0.11329622,-0.011106518,0.025499915,0.663162401,-0.340213778,0.581534186,0.558528894,0.983474848,0.461221522,0.032980019,-0.015002833,0.03639625,0.680186813,45,29
