"","Species.Name","model","model_desc","intercept","pre_emergence","pe_sd","pe_p","y_anomaly_temp","yat_sd","yat_p","y_anomaly_precip","yap_sd","yap_p","n_noncicada","n_cicada"
"1","Eastern Bluebird","pre_emergence + y_anomaly_temp + y_anomaly_precip","binomial",0.927192241255068,-0.000449823739823365,0.00522464339386145,0.931391665919232,0.000254496190824637,0.00416450455202505,0.951272384207974,0.00227428188888866,0.0028353818301767,0.422512662648131,4951,3960
"2","Tree Swallow","pre_emergence + y_anomaly_temp + y_anomaly_precip","binomial",0.871654240644652,0.0153835825675981,0.00793057189532787,0.0524628473916769,0.0165526032934701,0.00793080466682644,0.0369275671866687,-0.0110172671660121,0.00502181490637869,0.0282902142446802,2834,2272
"3","Northern House Wren","pre_emergence + y_anomaly_temp + y_anomaly_precip","binomial",0.919049947776943,0.00536196906343523,0.0131648768290238,0.683846196871604,0.0136213746175465,0.0121962813557012,0.264225459174121,-0.00701421512749297,0.00810327365324509,0.38683619183522,910,828
"4","Black-capped and
 Carolina Chickadee","pre_emergence + y_anomaly_temp + y_anomaly_precip","binomial",0.851183597880667,0.0334568074982895,0.0273325589766079,0.221474946885503,0.00554948593595892,0.0192075048879661,0.772754076395423,-0.00528516372008179,0.0158473566719009,0.738886193167891,293,268
"5","Purple Martin","pre_emergence + y_anomaly_temp + y_anomaly_precip","binomial",0.941435895610219,-0.10788160943135,0.032648992993089,0.00106839314648172,-0.0471551916588812,0.020423012546533,0.0216317799382947,-0.00444835616243066,0.0206867622960391,0.829887937366142,160,147
"6","Carolina Wren","pre_emergence + y_anomaly_temp + y_anomaly_precip","binomial",0.940660953840261,-0.033746115812892,0.0375297644071829,0.369636651939313,-0.0490576320215436,0.0277005863699029,0.0780844403773968,0.0321983279614936,0.0204777718193004,0.117448853441068,97,123
"7","American Robin","pre_emergence + y_anomaly_temp + y_anomaly_precip","binomial",0.875307709915605,-0.106510684743386,0.0628939152069359,0.0923313859468544,-0.000994371374572033,0.047390484173501,0.983286081087937,0.00592244480113284,0.034183439827101,0.862672914755348,87,84
"8","House Sparrow","pre_emergence + y_anomaly_temp + y_anomaly_precip","binomial",0.594200728782166,0.219027876727527,0.130101370487568,0.0989067516261359,0.0707949752166582,0.130245237435758,0.589319286344858,0.0647098820205221,0.0697469648883996,0.35826163627609,54,31
"9","Prothonotary Warbler","pre_emergence + y_anomaly_temp + y_anomaly_precip","binomial",0.941883401406068,-0.160130386422999,0.0750828032865215,0.0376888218683791,0.141607691305673,0.0635694328197637,0.030258942455666,-0.0630349750463942,0.0504298361919209,0.216912662239073,39,20
